Timestamp,v,i,p,q,h1_m,h1_p,h2_m,h2_p,h3_m,h3_p,h4_m,h4_p,h5_m,h5_p,h6_m,h6_p,h7_m,h7_p,h8_m,h8_p,h9_m,h9_p,h10_m,h10_p,h11_m,h11_p,h12_m,h12_p,h13_m,h13_p,h14_m,h14_p
14/10/19 16:20,245.141,0,0,0,0,-51.023,0,-38.037,0.001,178.55,0,-179.147,0.001,28.974,0,-115.288,0.001,143.545,0,-46.749,0,41.63,0,142.119,0.001,116.065,0,-69.978,0,-3.086,0,-128.254
14/10/19 16:20,244.998,0,0,0,0,-53.466,0,18.769,0.001,-179.952,0,-41.249,0.001,24.821,0,-39.341,0.001,152.334,0,-84.319,0,33.363,0,-149.93,0,100.497,0,-99.455,0.001,-3.776,0,-86.298
14/10/19 16:20,245.195,0,0,0,0,-56.202,0,-114.464,0.001,173.807,0,-132.638,0.001,18.816,0,-156.762,0.001,140.022,0,152.462,0,34.619,0,-161.619,0,94.258,0,87.281,0,-11.377,0,40.883
14/10/19 16:20,245.113,0,0,0,0,-48.14,0,-23.438,0.001,177.703,0,61.921,0.001,27.206,0,35.21,0.001,142.794,0,-68.828,0,20.644,0,81.947,0,87.646,0,144.198,0,-17.158,0,-46.474
14/10/19 16:20,245.222,0,0,0,0,-49.096,0,-123.631,0.001,176.389,0,-170.519,0.001,18.73,0,-50.093,0.001,151.393,0,48.377,0.001,36.219,0,9.469,0,103.682,0,-0.481,0,8.231,0,171.172
14/10/19 16:20,245.024,7.27,1662,-72,1.144,2.462,0.106,-74.775,0.056,35.104,0.038,123.552,0.034,-92.616,0.022,-32.694,0.025,57.935,0.02,151.871,0.025,-149.598,0.017,-0.659,0.017,-154.157,0.014,21.13,0.02,158.275,0.01,-135.211
14/10/19 16:20,245.177,0,0,0,4.504,2.362,0.06,13.803,0.057,100.649,0.034,-86.918,0.104,-24.18,0.015,149.156,0.036,23.962,0.012,-0.357,0.051,176.022,0.012,-103.435,0.029,-173.853,0.008,139.851,0.043,-175.403,0.007,1.508
14/10/19 16:20,245.085,7.787,1907,-83,3.486,2.591,0.132,-133.944,0.034,85.563,0.048,123.866,0.081,-28.187,0.022,12.006,0.034,31.257,0.015,-116.672,0.042,-171.724,0.007,98.406,0.027,-173.357,0.005,16.449,0.034,177.028,0.003,49.062
14/10/19 16:20,245.295,7.788,1908,-83,7.786,2.505,0.003,104.06,0.057,83.719,0.002,-111.662,0.178,-28.421,0.001,101.365,0.06,22.906,0.002,-175.03,0.085,177.447,0.001,104.665,0.046,-169.548,0.001,113.808,0.07,-178.151,0.001,18.013
14/10/19 16:20,245.211,7.781,1906,-83,7.78,2.509,0.003,100.203,0.057,83.917,0.002,-110.864,0.177,-28.171,0.001,100.582,0.061,23.404,0.002,-177.95,0.085,177.327,0.001,109.024,0.047,-169.536,0.001,113.583,0.071,-177.992,0.001,13.081
14/10/19 16:20,245.468,7.786,1909,-84,7.778,2.509,0.003,98.822,0.057,84.423,0.002,-115.407,0.178,-27.898,0.001,91.336,0.061,24.287,0.001,-177.256,0.086,177.74,0.001,96.448,0.047,-169.346,0.001,114.701,0.071,-178.776,0.001,19.275
14/10/19 16:20,245.62,7.787,1911,-84,7.783,2.51,0.003,99.887,0.057,84.012,0.002,-114.511,0.176,-28.035,0.001,96.399,0.062,24.96,0.001,-171.073,0.086,177.115,0.001,96.414,0.046,-170.21,0.001,114.606,0.07,-178.291,0.001,9.997
14/10/19 16:20,245.495,7.78,1908,-84,7.781,2.511,0.003,102.863,0.057,82.998,0.002,-110.647,0.176,-28.257,0.001,91.532,0.061,26.339,0.001,-166.728,0.086,176.826,0.001,97.512,0.047,-169.811,0.001,112.984,0.071,-178.508,0.001,12.794
14/10/19 16:20,245.468,7.776,1907,-83,7.773,2.513,0.003,103.399,0.058,83.45,0.002,-114.391,0.176,-28.365,0.001,97.831,0.061,24.875,0.001,-171.524,0.086,176.884,0.001,101.17,0.048,-169.195,0.001,119.433,0.072,-178.034,0.001,12.73
14/10/19 16:20,245.457,7.773,1906,-83,7.771,2.514,0.003,105.498,0.059,84.729,0.002,-107.369,0.177,-28.358,0.001,87.666,0.061,24.12,0.001,-174.636,0.086,176.897,0.001,92.046,0.047,-168.46,0.001,110.23,0.071,-177.206,0.001,14.697
14/10/19 16:20,245.308,7.765,1903,-83,7.766,2.514,0.003,105.677,0.06,84.366,0.002,-110.6,0.177,-28.407,0.001,91.898,0.061,24.28,0.001,-169.265,0.086,176.73,0.001,97.238,0.047,-169.231,0.001,114.237,0.071,-177.668,0.001,5.007
14/10/19 16:20,245.173,7.758,1900,-83,7.759,2.516,0.003,104.958,0.059,84.926,0.002,-118.458,0.176,-28.403,0.001,94.053,0.06,24.361,0.001,-173.477,0.086,177.214,0.001,92.979,0.046,-168.779,0.001,112.954,0.071,-178.22,0.001,8.535
14/10/19 16:20,244.854,7.745,1895,-83,7.75,2.516,0.003,104.767,0.057,85.336,0.002,-115.941,0.186,-24.979,0.001,96.188,0.05,27.928,0.001,-168.213,0.086,-179.767,0.001,97.092,0.047,-167.074,0.001,118.073,0.074,-177.589,0.001,10.543
14/10/19 16:20,244.893,7.744,1894,-83,7.741,2.517,0.003,105.583,0.057,85.028,0.002,-110.241,0.196,-21.937,0.001,80.784,0.047,35.113,0.001,-165.827,0.09,-178.902,0.001,99.8,0.056,-169.183,0.001,112.981,0.08,-172.734,0.001,15.037
14/10/19 16:21,244.724,7.735,1891,-83,7.738,2.518,0.003,102.447,0.058,84.342,0.002,-102.484,0.188,-23.681,0.001,87.863,0.05,27.982,0.001,-170.397,0.086,-178.529,0.001,98.449,0.05,-166.952,0.001,117.992,0.074,-175.805,0.001,14.976
14/10/19 16:21,244.598,7.728,1889,-83,7.729,2.52,0.003,103.766,0.058,84.749,0.002,-104.7,0.18,-27.644,0.001,81.472,0.059,17.257,0.001,-178.499,0.084,178.012,0.001,89.33,0.043,-169.674,0.001,121.952,0.073,179.683,0.001,12.126
14/10/19 16:21,244.358,7.718,1884,-83,7.721,2.521,0.003,104.733,0.059,84.673,0.002,-91.649,0.178,-29.765,0.001,81.751,0.059,13.099,0.001,-159.332,0.083,178.413,0.001,92.4,0.041,-168.441,0.001,112.657,0.068,-177.621,0.001,5.379
14/10/19 16:21,244.411,7.717,1884,-83,7.717,2.522,0.003,104.212,0.06,84.187,0.002,-98.324,0.18,-29.989,0.001,74.351,0.055,14.4,0.001,-153.47,0.083,179.542,0.001,98.8,0.04,-164.459,0.001,136.951,0.064,-174.684,0.001,43.404
14/10/19 16:21,244.507,7.717,1885,-83,7.713,2.524,0.003,106.65,0.06,85.225,0.002,-110.338,0.182,-30.119,0.001,80.167,0.053,17.06,0.002,-157.132,0.083,179.994,0.004,143.335,0.035,-165.258,0.01,140.197,0.059,-169.865,0.011,87.939
14/10/19 16:21,244.897,7.726,1890,-83,7.718,2.525,0.003,111.735,0.061,86.048,0.002,-109.191,0.178,-32.206,0.002,121.18,0.058,11.662,0.002,161.987,0.087,178.994,0.005,-113.063,0.03,-173.804,0.013,-122.132,0.058,-153.257,0.016,-38.234
14/10/19 16:21,244.656,7.715,1886,-83,7.719,2.523,0.003,111.574,0.06,85.517,0.002,-122.676,0.177,-31.712,0.002,122.916,0.06,17.105,0.002,-82.742,0.088,177.214,0.005,-74.184,0.035,-179.954,0.013,-83.589,0.056,-164.122,0.015,-48.151
14/10/19 16:21,244.826,7.718,1888,-83,7.714,2.524,0.003,110.005,0.059,85.423,0.002,-120.466,0.179,-30.638,0.002,121.659,0.062,19.817,0.003,-165.668,0.085,178.387,0.006,38.159,0.031,-176.072,0.016,61.212,0.054,-170.383,0.02,37.484
14/10/19 16:21,244.89,7.718,1888,-83,7.714,2.523,0.003,106.878,0.059,85.106,0.002,-108.034,0.182,-28.418,0.001,89.99,0.061,22.065,0.001,-170.667,0.085,177.985,0.001,88.319,0.046,-168.112,0.001,112.766,0.07,176.512,0.001,19.948
14/10/19 16:21,244.941,7.716,1888,-83,7.715,2.523,0.003,110.188,0.059,85.785,0.002,-111.816,0.18,-28.91,0.001,88.9,0.058,20.478,0.001,-166.968,0.084,177.984,0.002,87.293,0.044,-164.988,0.001,106.809,0.069,178.927,0.001,16.63
14/10/19 16:21,245.229,7.722,1892,-83,7.717,2.523,0.003,107.363,0.059,85.861,0.002,-124.907,0.178,-29.326,0.001,91.977,0.055,20.69,0.001,-174.512,0.085,177.948,0.001,102.368,0.044,-164.907,0.001,115.702,0.069,179.658,0.001,13.687
14/10/19 16:21,244.954,7.711,1887,-83,7.713,2.523,0.003,105.8,0.058,86.624,0.002,-127.964,0.178,-29.954,0.001,101.618,0.06,20.557,0.002,-143.564,0.085,178.958,0.005,159.382,0.035,-167.586,0.013,148.702,0.058,-170.942,0.015,128.595
14/10/19 16:21,244.8,7.704,1884,-83,7.704,2.523,0.003,110.559,0.058,86.225,0.002,-124.089,0.179,-31.387,0.001,97.425,0.061,15.569,0.002,-84.32,0.088,173.013,0.002,-29.919,0.019,172.698,0.003,113.448,0.047,-168.327,0.003,-78.439
14/10/19 16:21,244.786,7.701,1883,-83,7.698,2.524,0.003,112.935,0.057,86.525,0.002,-111.237,0.179,-32.99,0.001,95.69,0.059,9.24,0.001,-84.945,0.089,173.699,0.002,-5.729,0.018,164.74,0.003,175.224,0.043,-164.694,0.003,-89.185
14/10/19 16:21,244.892,7.701,1884,-83,7.698,2.525,0.003,113.071,0.057,86.615,0.002,-121.949,0.177,-33.305,0.002,105.503,0.058,9.109,0.001,-68.89,0.09,173.915,0.002,7.418,0.022,161.63,0.003,31.722,0.044,-166.686,0.003,-86.609
14/10/19 16:21,245.124,7.706,1887,-83,7.7,2.525,0.003,109.851,0.058,87.122,0.002,-122.479,0.18,-32.315,0.002,116.319,0.06,13.97,0.002,-147.247,0.087,177.467,0.004,36.33,0.031,177.357,0.008,102.747,0.048,-169.351,0.009,-37.168
14/10/19 16:21,244.727,7.691,1880,-83,7.698,2.524,0.003,109.869,0.06,86.792,0.002,-118.762,0.181,-30.773,0.002,115.533,0.064,17.22,0.002,-159.616,0.086,179.199,0.007,22.207,0.033,-172.776,0.019,45.878,0.054,-171.06,0.022,1.536
14/10/19 16:21,244.81,7.692,1881,-83,7.688,2.524,0.003,107.489,0.059,86.038,0.002,-130.918,0.185,-28.097,0.002,89.771,0.068,19.579,0.002,164.942,0.085,176.254,0.002,49.62,0.047,-173.246,0.006,-27.782,0.076,176.698,0.007,-20.186
14/10/19 16:21,244.621,7.684,1878,-82,7.687,2.525,0.004,106.323,0.059,84.801,0.002,-121.105,0.185,-28.552,0.002,95.238,0.069,19.052,0.001,169.83,0.084,175.926,0.001,93.267,0.05,-172.988,0.001,112.936,0.076,173.573,0.001,7.613
14/10/19 16:21,244.505,7.678,1875,-82,7.679,2.527,0.004,104.38,0.059,85.546,0.002,-121.654,0.18,-28.536,0.002,97.422,0.064,20.255,0.001,176.612,0.084,176.384,0.001,85.135,0.05,-172.711,0.001,120.611,0.077,174.404,0.001,5.059
14/10/19 16:22,244.145,7.664,1869,-82,7.669,2.528,0.004,104.672,0.058,85.311,0.002,-120.738,0.181,-27.723,0.002,99.197,0.067,21.231,0.001,-177.672,0.084,176.213,0.001,85.276,0.053,-175.584,0.001,111.639,0.079,172.635,0.001,2.986
14/10/19 16:22,244.174,7.663,1869,-82,7.66,2.529,0.003,101.729,0.059,85.468,0.002,-117.061,0.182,-27.382,0.001,87.077,0.068,22.984,0.001,173.793,0.084,176.392,0.001,87.38,0.055,-176.208,0.001,104.207,0.08,171.84,0.001,2.48
14/10/19 16:22,244.04,7.657,1867,-82,7.657,2.53,0.003,104.241,0.058,84.442,0.002,-121.559,0.184,-26.99,0.001,91.19,0.071,22.565,0.001,176.871,0.084,176.104,0.001,101.13,0.055,-176.825,0.001,110.595,0.081,171.583,0.001,-1.622
14/10/19 16:22,244.116,7.657,1867,-82,7.653,2.531,0.003,102.144,0.057,85.026,0.002,-108.389,0.181,-27.167,0.001,90.545,0.071,22.386,0.001,-172.907,0.083,175.979,0.001,86.507,0.055,-176.205,0.001,108.077,0.081,172.319,0.001,0.386
14/10/19 16:22,244.032,7.653,1866,-82,7.651,2.532,0.003,101.495,0.057,85.807,0.002,-108.71,0.182,-27.236,0.001,94.887,0.071,20.718,0.001,-161.375,0.083,176.121,0.001,79.8,0.056,-175.767,0.001,94.974,0.081,172.746,0.002,0.548
14/10/19 16:22,243.939,7.648,1864,-82,7.647,2.533,0.003,106.621,0.058,86.471,0.001,-104.844,0.182,-26.622,0.001,87.329,0.07,21.526,0.001,-179.659,0.083,176.301,0.001,84.378,0.054,-176.359,0.001,99.599,0.082,172.542,0.001,-6.274
14/10/19 16:22,243.9,7.645,1863,-82,7.643,2.534,0.003,104.68,0.059,85.8,0.001,-109.642,0.186,-27.081,0.001,80.904,0.071,18.907,0.001,172.979,0.083,176.08,0.001,91.75,0.054,-176.078,0.001,104.148,0.081,173.375,0.001,2.242
14/10/19 16:22,244.128,7.65,1866,-83,7.641,2.536,0.003,105.927,0.057,86.409,0.002,-116.826,0.181,-28.748,0.002,86.065,0.074,19.065,0.002,133.818,0.084,178.23,0.006,51.693,0.037,-177.522,0.016,-41.453,0.06,-169.669,0.02,-27.509
14/10/19 16:22,244.135,7.649,1865,-83,7.651,2.535,0.003,111.273,0.058,85.623,0.002,-128.008,0.178,-30.005,0.002,114.62,0.074,16.499,0.002,-20.201,0.089,173.694,0.003,-54.677,0.048,166.823,0.007,57.851,0.072,-174.93,0.007,-40.554
14/10/19 16:22,244.039,7.644,1864,-82,7.644,2.533,0.006,98.781,0.058,83.78,0.003,-40.847,0.178,-30.816,0.002,-82.444,0.072,14.802,0.002,-17.817,0.089,172.218,0.003,-62.01,0.048,162.788,0.005,38.148,0.071,177.66,0.004,-20.022
14/10/19 16:22,243.843,7.636,1860,-82,7.637,2.534,0.005,102.671,0.059,83.771,0.004,-39.445,0.177,-30.512,0.003,-78.19,0.071,17.284,0.002,-98.806,0.087,174.869,0.004,-70.349,0.04,173.923,0.012,55.495,0.067,-168.975,0.015,10.794
14/10/19 16:22,243.71,7.63,1858,-82,7.633,2.533,0.005,100.993,0.059,85.109,0.004,-42.681,0.175,-29.915,0.003,-72.651,0.069,20.227,0.003,-135.51,0.083,177.796,0.006,47.149,0.039,-177.518,0.018,75.161,0.065,-175.407,0.022,26.078
14/10/19 16:22,243.53,7.623,1855,-82,7.624,2.535,0.005,101.203,0.058,85.787,0.003,-43.539,0.179,-27.727,0.002,-48.307,0.07,21.253,0.001,-157.414,0.083,175.799,0.001,28.979,0.054,-176,0.001,103.34,0.081,174.192,0.001,-11.359
14/10/19 16:22,243.834,7.631,1859,-82,7.619,2.535,0.004,102.217,0.058,85.581,0.003,-47.709,0.175,-27.996,0.002,-42.863,0.07,21.735,0.001,-159.224,0.082,176.371,0.001,49.917,0.056,-173.811,0.001,96.708,0.081,175.631,0.001,1.564
14/10/19 16:22,243.927,7.632,1860,-82,7.628,2.535,0.004,101.754,0.057,85.45,0.003,-56.283,0.173,-25.984,0.001,-44.579,0.065,23.915,0.001,-167.108,0.081,178.173,0.001,52.982,0.054,-173.358,0.001,97.81,0.083,174.995,0.002,5.302
14/10/19 16:22,244.168,7.637,1863,-83,7.628,2.535,0.004,99.285,0.056,85.156,0.003,-59.871,0.183,-21.998,0.001,-48.267,0.055,28.616,0.001,-172.852,0.083,-179.269,0.001,84.395,0.057,-172.254,0.001,112.513,0.084,-179.713,0.001,14.7
14/10/19 16:22,244.195,7.637,1863,-82,7.633,2.534,0.004,103.967,0.058,84.751,0.002,-62.048,0.182,-23.831,0.001,-33.246,0.059,22.39,0.001,-164.254,0.081,179.834,0.001,94.033,0.05,-170.685,0.001,118.721,0.079,178.457,0.001,5.735
14/10/19 16:22,244.584,7.647,1869,-83,7.637,2.534,0.004,103.405,0.058,85.162,0.002,-66.695,0.178,-27.354,0.001,-11.605,0.068,17.146,0.001,-175.731,0.08,176.631,0.001,99.851,0.047,-172.491,0.001,118.408,0.08,174.949,0.001,1.755
14/10/19 16:22,244.593,7.646,1868,-83,7.643,2.533,0.004,102.259,0.059,84.937,0.002,-75.002,0.179,-28.202,0.001,-8.519,0.071,18.252,0.001,-170.814,0.082,175.84,0.001,90.77,0.049,-171.42,0.001,113.392,0.077,175.768,0.001,0.036
14/10/19 16:22,244.571,7.644,1868,-83,7.636,2.533,0.004,102.491,0.058,84.768,0.002,-70.946,0.175,-28.509,0.001,8.853,0.07,20.955,0.001,-169.799,0.082,175.576,0.001,67.875,0.05,-172.568,0.001,113.56,0.077,175.467,0.001,-3.191
14/10/19 16:23,244.638,7.644,1868,-83,7.643,2.532,0.003,101.36,0.058,84.889,0.002,-75.944,0.173,-28.59,0.001,-27.82,0.065,20.398,0.001,179.12,0.081,176.142,0.001,88.669,0.05,-171.845,0.001,115.175,0.08,175.774,0.001,-6.099
14/10/19 16:23,244.47,7.638,1865,-82,7.635,2.53,0.004,106.221,0.059,84.471,0.002,-80.331,0.187,-22.528,0.001,-10.775,0.056,26.397,0.001,-169.025,0.084,-179.388,0.001,99.345,0.056,-170.179,0.001,107.77,0.083,179.622,0.001,6.652
14/10/19 16:23,244.186,7.628,1861,-82,7.629,2.531,0.004,103.859,0.056,84.779,0.002,-86.776,0.193,-19.418,0.001,13.529,0.049,31.556,0.001,-175.229,0.086,-178.073,0.001,87.028,0.059,-172.267,0.001,119.976,0.086,-179.099,0.001,7.537
14/10/19 16:23,244.077,7.623,1859,-82,7.62,2.532,0.004,106.281,0.055,84.293,0.002,-83.645,0.203,-17.618,0.001,21.101,0.043,37.395,0.001,-175.779,0.088,-176.191,0.001,90.224,0.062,-170.692,0.001,128.296,0.085,-174.355,0.001,4.848
14/10/19 16:23,244.073,7.621,1858,-82,7.617,2.533,0.004,107.241,0.056,85.56,0.002,-85.045,0.193,-21.962,0.001,55.767,0.05,20.737,0.001,-173.88,0.083,-177.529,0.001,76.582,0.048,-168.101,0.001,121.582,0.076,-179.73,0.001,8.063
14/10/19 16:23,244.287,7.627,1861,-82,7.618,2.535,0.004,105.478,0.056,86.623,0.002,-105.612,0.179,-26.376,0.001,90.768,0.058,14.599,0.001,-174.796,0.081,178.814,0.001,70.259,0.043,-172.105,0.001,102.474,0.076,176.179,0.001,4.317
14/10/19 16:23,244.39,7.629,1863,-82,7.624,2.535,0.003,107.994,0.057,85.929,0.002,-87.149,0.173,-28.935,0.001,27.552,0.061,18.791,0.001,-179.489,0.083,177.625,0.001,75.328,0.047,-169.72,0.001,114.809,0.073,178.661,0.001,12.001
14/10/19 16:23,244.146,7.62,1859,-82,7.622,2.536,0.004,109.375,0.058,86.147,0.002,-98.132,0.175,-29.049,0.001,69.764,0.062,17.521,0.001,-173.626,0.083,178.168,0.001,77.326,0.047,-165.674,0.001,106.318,0.071,-178.715,0.001,20.574
14/10/19 16:23,244.198,7.621,1859,-82,7.617,2.536,0.004,109.69,0.057,85.143,0.002,-90.739,0.177,-28.959,0.001,41.818,0.063,16.1,0.001,179.419,0.082,177.898,0.001,74.667,0.047,-166.189,0.001,113.34,0.072,-177.298,0.001,14.015
14/10/19 16:23,244.034,7.615,1856,-82,7.615,2.535,0.004,108.974,0.057,84.861,0.002,-89.87,0.179,-27.12,0.001,52.909,0.064,19.842,0.001,177.184,0.082,177.698,0.001,76.925,0.047,-166.033,0.001,116.573,0.073,-177.679,0.001,4.014
14/10/19 16:23,243.847,7.608,1853,-82,7.609,2.536,0.004,109.812,0.055,85.061,0.002,-96.849,0.181,-26.801,0.001,50.665,0.064,20.649,0.001,-169.747,0.082,177.882,0.001,81.732,0.047,-166.67,0.001,111.283,0.073,-177.822,0.001,12.934
14/10/19 16:23,243.868,7.607,1853,-82,7.606,2.538,0.004,110.645,0.056,86.082,0.002,-95.059,0.182,-27.998,0.001,61.658,0.063,17.593,0.002,-165.891,0.083,179.525,0.004,121.406,0.04,-165.848,0.013,119.872,0.065,-171.058,0.016,77.552
14/10/19 16:23,244.036,7.612,1856,-82,7.604,2.538,0.004,114.629,0.055,86.802,0.002,-115.038,0.186,-27.879,0.001,80.439,0.065,17.137,0.001,-65.145,0.088,175.091,0.003,-4.953,0.032,176.552,0.006,124.796,0.056,-165.687,0.006,-119.52
14/10/19 16:23,243.919,7.607,1854,-82,7.607,2.536,0.003,107.869,0.054,86.176,0.002,-119.478,0.188,-27.303,0.001,91.059,0.065,19.385,0.001,-54.294,0.089,172.862,0.003,-9.682,0.028,158.306,0.003,-104.928,0.05,-174.581,0.003,-114.99
14/10/19 16:23,244.029,7.61,1855,-82,7.605,2.538,0.003,111.043,0.054,86.669,0.002,-118.977,0.186,-27.558,0.001,150.439,0.064,19.522,0.002,13.744,0.087,176.843,0.005,4.245,0.038,177.462,0.01,98.187,0.059,-168.105,0.009,-10.073
14/10/19 16:23,244.166,7.613,1857,-82,7.606,2.538,0.003,106.194,0.056,86.556,0.002,-121.256,0.181,-27.733,0.002,109.607,0.062,20.723,0.003,179.373,0.084,-179.348,0.006,-18.192,0.035,-168.77,0.021,20.762,0.063,-163.731,0.026,19.659
14/10/19 16:23,244.063,7.61,1855,-82,7.607,2.536,0.003,102.183,0.056,86.085,0.002,-111.998,0.18,-26.59,0.001,102.34,0.064,23.607,0.002,-169.612,0.082,178.277,0.003,94.604,0.051,-168.834,0.008,116.198,0.076,-179.507,0.009,70.711
14/10/19 16:23,243.667,7.597,1849,-82,7.602,2.536,0.003,107.278,0.057,86.356,0.002,-91.018,0.181,-25.637,0.001,74.345,0.065,22.053,0.001,179.839,0.082,177.94,0.001,82.657,0.052,-169.209,0.001,109.865,0.077,178.495,0.001,7.652
14/10/19 16:23,243.493,7.591,1846,-82,7.589,2.538,0.004,110.473,0.056,86.074,0.002,-99.631,0.18,-26.654,0.001,83.959,0.063,19.845,0.001,172.197,0.081,178.119,0.001,82.75,0.051,-168.288,0.001,120.515,0.078,-179.933,0.001,4.421
14/10/19 16:23,243.406,7.587,1845,-81,7.588,2.54,0.004,110.269,0.052,89.305,0.002,-96.57,0.178,-27.294,0.001,78.948,0.065,20.718,0.001,164.28,0.081,178.509,0.001,81.165,0.051,-167.748,0.001,124.923,0.076,-178.724,0.001,2.652
14/10/19 16:24,243.098,7.577,1840,-81,7.581,2.543,0.004,113.043,0.049,91.2,0.001,-96.445,0.179,-27.371,0.001,81.411,0.065,21.887,0.001,174.924,0.081,178.638,0.001,76.202,0.052,-167.911,0.001,115.839,0.077,-178.947,0.001,-3.216
14/10/19 16:24,242.918,7.571,1837,-81,7.572,2.544,0.004,112.43,0.048,90.206,0.001,-96.356,0.179,-26.943,0.001,66.86,0.067,21.814,0.001,-176.116,0.08,178.725,0.001,78.781,0.052,-168.525,0.001,109.979,0.077,-178.826,0.001,-1.7
14/10/19 16:24,242.916,7.571,1837,-82,7.566,2.545,0.003,111.249,0.048,89.165,0.001,-94.957,0.182,-26.283,0.001,57.775,0.067,22.016,0.001,-179.871,0.08,179.118,0.001,80.31,0.053,-168.245,0.001,113.901,0.078,-179.253,0.001,7.769
14/10/19 16:24,242.953,7.572,1838,-82,7.565,2.545,0.003,107.015,0.048,88.642,0.002,-100.504,0.181,-26.327,0.001,75.232,0.068,22.149,0.001,-179.635,0.08,178.699,0.001,84.732,0.053,-168.171,0.001,113.498,0.079,-179.202,0.001,0.594
14/10/19 16:24,243.447,7.587,1845,-82,7.573,2.545,0.003,109.367,0.048,89.172,0.002,-102.431,0.181,-25.704,0.001,60.471,0.066,24.855,0.001,-175.334,0.081,178.951,0.001,81.274,0.054,-167.155,0.001,111.184,0.079,-178.826,0.001,14.347
14/10/19 16:24,243.517,7.588,1846,-82,7.584,2.543,0.003,112.76,0.048,89.351,0.002,-102.432,0.176,-26.2,0.001,70.787,0.066,25.142,0.001,179.254,0.081,179.185,0.001,86.669,0.053,-167.858,0.001,105.818,0.078,-178.807,0.001,6.557
14/10/19 16:24,243.731,7.594,1849,-82,7.586,2.544,0.003,114.515,0.048,89.228,0.002,-132.697,0.172,-28.818,0.002,96.382,0.064,22.851,0.003,123.283,0.081,-179.421,0.006,-36.588,0.038,-171.315,0.018,-25.936,0.063,-168.417,0.022,-4.868
14/10/19 16:24,243.929,7.6,1852,-82,7.595,2.541,0.003,118.052,0.05,89.091,0.002,-128.12,0.174,-28.645,0.002,97.497,0.067,21.336,0.002,-29.013,0.086,177.308,0.003,-57.135,0.044,176.015,0.01,-43.144,0.068,-167.953,0.01,-47.989
14/10/19 16:24,244.005,7.601,1853,-82,7.596,2.541,0.003,113.329,0.048,88.874,0.002,-121.12,0.175,-28.245,0.002,106.894,0.068,19.742,0.001,-56.732,0.087,176.089,0.002,-47.295,0.047,169.677,0.005,25.247,0.07,-177.647,0.005,-15.802
14/10/19 16:24,244.254,7.609,1857,-82,7.599,2.541,0.003,115.164,0.05,88.83,0.002,-118.053,0.177,-27.71,0.002,115.339,0.067,20.651,0.002,-85.383,0.085,178.604,0.005,-31.77,0.041,177.288,0.014,31.073,0.064,-168.971,0.017,8.689
14/10/19 16:24,244.977,7.631,1868,-83,7.621,2.54,0.003,113.775,0.056,84.943,0.002,-123.676,0.179,-26.659,0.002,111.878,0.067,22.715,0.003,-156.212,0.081,178.837,0.006,20.478,0.038,-179.307,0.017,2.696,0.056,-170.102,0.019,-23.944
14/10/19 16:24,245.191,7.637,1871,-83,7.631,2.537,0.003,109.758,0.056,85.239,0.002,-114.342,0.178,-24.985,0.001,88.135,0.067,25.784,0.001,176.466,0.083,177.427,0.001,88.063,0.053,-169.754,0.001,110.387,0.078,178.652,0.001,11.351
14/10/19 16:24,245.029,7.631,1868,-83,7.63,2.537,0.003,109.755,0.056,84.642,0.002,-117.691,0.177,-24.989,0.001,94.69,0.067,24.722,0.001,170.904,0.083,177.156,0.001,87.59,0.052,-172.117,0.001,116.038,0.078,178.761,0.001,2.759
14/10/19 16:24,244.896,7.627,1866,-83,7.628,2.537,0.003,111.896,0.056,84.224,0.002,-109.969,0.179,-24.01,0.001,76.839,0.062,25.472,0.001,166.317,0.082,178.998,0.001,88.24,0.051,-170.035,0.001,108.009,0.078,178.489,0.001,11.191
14/10/19 16:24,245.119,7.633,1869,-83,7.627,2.536,0.003,112.346,0.056,84.044,0.002,-115.971,0.196,-20.136,0.001,84.208,0.054,33.051,0.001,167.117,0.086,-178.399,0.001,92.471,0.059,-168.239,0.001,109.792,0.081,-175.431,0.001,7.758
14/10/19 16:24,245.045,7.631,1868,-83,7.628,2.537,0.004,112.561,0.056,83.771,0.001,-116.5,0.189,-21.034,0.001,88.672,0.056,28.906,0.001,170.492,0.083,-178.539,0.001,98.443,0.054,-166.575,0.001,112.799,0.079,-177.125,0.001,6.828
14/10/19 16:24,245.114,7.633,1869,-83,7.626,2.536,0.003,112.49,0.057,82.519,0.002,-99.336,0.18,-24.806,0.001,58.763,0.063,22.964,0.001,179.639,0.082,178.169,0.001,83.624,0.05,-168.92,0.001,118.458,0.08,178.703,0.001,10.026
14/10/19 16:24,244.997,7.629,1867,-83,7.632,2.535,0.003,110.397,0.058,83.423,0.001,-114.826,0.179,-25.909,0.001,75.314,0.064,23.348,0.001,-178.578,0.083,177.761,0.001,92.298,0.053,-168.481,0.001,101.997,0.078,-179.775,0.001,8.779
14/10/19 16:24,244.829,7.623,1865,-82,7.623,2.536,0.003,113.54,0.059,84.289,0.002,-105.829,0.185,-26.28,0.001,76.733,0.066,19.739,0.002,176.033,0.083,177.798,0.001,100.904,0.053,-167.962,0.001,111.285,0.076,-179.501,0.001,9.592
14/10/19 16:24,244.767,7.621,1863,-82,7.618,2.536,0.003,110.254,0.058,83.988,0.002,-115.502,0.184,-24.366,0.001,123.232,0.058,23.326,0.001,170.86,0.082,179.813,0.001,86.935,0.052,-166.398,0.001,125.571,0.078,-179.272,0.001,3.424
14/10/19 16:25,244.491,7.612,1859,-82,7.614,2.537,0.003,113.792,0.058,83.559,0.002,-115.033,0.194,-20.382,0.001,85.857,0.051,33.063,0.001,178.548,0.086,-178.477,0.001,90.268,0.061,-167.436,0.001,116.518,0.084,-173.587,0.001,9.95
14/10/19 16:25,244.844,7.623,1865,-83,7.607,2.538,0.003,111.579,0.056,82.887,0.002,-107.726,0.194,-21.079,0.001,78.187,0.055,25.326,0.001,-172.433,0.084,-178.061,0.001,105.218,0.056,-167.559,0.001,117.728,0.079,-175.515,0.001,13.519
14/10/19 16:25,245.01,7.627,1867,-83,7.62,2.537,0.003,111.045,0.056,82.843,0.002,-122.057,0.18,-24.176,0.001,98.911,0.061,23.108,0.001,172.599,0.082,178.36,0.001,96.777,0.052,-170.91,0.001,123.793,0.081,179.291,0.001,5.897
14/10/19 16:25,245.297,7.636,1871,-83,7.628,2.536,0.003,115.062,0.057,83.617,0.002,-116.638,0.179,-25.468,0.001,100.886,0.063,21.969,0.001,173.314,0.082,177.495,0.001,63.419,0.051,-169.985,0.001,122.088,0.079,-179.235,0.001,-1.855
14/10/19 16:25,245.052,7.628,1867,-83,7.625,2.535,0.003,113.027,0.057,84.42,0.002,-112.76,0.179,-25.692,0.001,113.753,0.064,23.364,0.001,168.888,0.082,177.419,0.001,37.586,0.053,-168.23,0.002,152.756,0.078,-179.066,0.001,-14.864
14/10/19 16:25,244.952,7.624,1866,-82,7.626,2.537,0.003,111.065,0.057,84.804,0.002,-106.893,0.177,-26.787,0.001,107.108,0.061,21.651,0.001,160.618,0.083,178.065,0.001,81.216,0.051,-166.749,0.001,133.532,0.075,-177.602,0.001,-3.992
14/10/19 16:25,245.151,7.63,1869,-83,7.622,2.537,0.003,117.808,0.057,84.842,0.002,-78.691,0.175,-26.82,0.001,41.456,0.061,23.013,0.001,179.369,0.083,177.897,0.001,103.905,0.051,-167.225,0.001,118.353,0.076,-176.771,0.001,12.658
14/10/19 16:25,245.526,7.642,1874,-83,7.629,2.538,0.003,110.866,0.058,85.203,0.002,-112.371,0.177,-27.251,0.001,115.792,0.062,22.589,0.002,163.555,0.084,177.994,0.002,96.372,0.051,-166.242,0.001,109.279,0.074,-175.993,0.001,18.28
14/10/19 16:25,245.843,7.651,1879,-83,7.642,2.537,0.003,118.677,0.057,84.834,0.002,-128.269,0.176,-27.802,0.001,106.925,0.061,21.58,0.002,169.727,0.084,178.55,0.004,88.655,0.045,-168.288,0.01,114.009,0.067,-173.139,0.012,17.382
14/10/19 16:25,245.9,7.652,1880,-83,7.648,2.534,0.003,118.013,0.058,86.193,0.002,-130.852,0.175,-28.882,0.001,90.25,0.062,20.814,0.001,-96.784,0.089,175.633,0.004,10.767,0.033,179.71,0.009,74.817,0.056,-157.938,0.01,-32.756
14/10/19 16:25,245.757,7.648,1878,-83,7.648,2.533,0.003,112.388,0.057,86.268,0.002,-136.712,0.177,-29.181,0.001,104.413,0.063,18.389,0.001,-98.869,0.092,173.32,0.003,3.962,0.027,161.863,0.002,4.785,0.047,-163.983,0.003,-92.03
14/10/19 16:25,245.611,7.643,1875,-83,7.641,2.533,0.003,108.389,0.055,86.81,0.002,-123.808,0.176,-28.405,0.001,103.263,0.059,20.92,0.001,85.947,0.091,176.467,0.004,30.971,0.036,174.884,0.005,33.072,0.055,-162.568,0.007,-66.574
14/10/19 16:25,245.389,7.636,1872,-83,7.635,2.534,0.003,106.984,0.056,87.543,0.002,-111.52,0.176,-28.276,0.002,110.201,0.058,19.606,0.002,55.342,0.083,-178.633,0.006,-12.343,0.035,-165.091,0.02,132.152,0.062,-158.301,0.021,16.672
14/10/19 16:25,245.228,7.631,1869,-82,7.63,2.535,0.003,109.993,0.057,87.439,0.002,-117.244,0.173,-27.133,0.002,120.857,0.061,20.683,0.002,165.183,0.082,179.46,0.005,37.509,0.047,-166.656,0.014,67.638,0.071,-171.126,0.017,57.299
14/10/19 16:25,245.304,7.632,1870,-83,7.627,2.535,0.004,105.293,0.056,86.844,0.001,-119.45,0.171,-26.369,0.001,96.482,0.06,20.877,0.001,165.106,0.083,178.767,0.001,81.287,0.05,-166.463,0.001,120.711,0.075,-175.365,0.001,-2.02
14/10/19 16:25,245.238,7.63,1869,-83,7.629,2.537,0.004,108.58,0.057,86.897,0.002,-120.035,0.171,-26.589,0.001,89.197,0.059,22.94,0.001,162.642,0.083,178.736,0.001,87.993,0.05,-166.067,0.001,106.998,0.073,-174.48,0.001,7.831
14/10/19 16:25,245.253,7.63,1870,-83,7.626,2.536,0.003,106.375,0.057,86.318,0.002,-113.675,0.173,-26.647,0.001,98.229,0.06,25.403,0.001,175.913,0.085,178.602,0.001,90.473,0.051,-165.906,0.001,107.719,0.07,-175.37,0.001,15.239
14/10/19 16:25,245.332,7.633,1871,-83,7.628,2.536,0.003,108.424,0.056,86.799,0.002,-108.443,0.176,-26.706,0.001,95.443,0.061,22.525,0.002,174.193,0.085,178.76,0.001,99.422,0.05,-165.265,0.001,109.861,0.07,-174.494,0.001,20.586
14/10/19 16:25,245.513,7.638,1873,-83,7.634,2.536,0.003,114.459,0.057,86.206,0.002,-113.178,0.172,-27.204,0.001,100.503,0.058,23.622,0.001,176.594,0.085,179.157,0.001,93.874,0.05,-165.617,0.001,107.54,0.069,-174.727,0.001,10.217
14/10/19 16:25,245.517,7.638,1874,-83,7.634,2.535,0.003,109.745,0.058,86.761,0.002,-106.537,0.175,-26.798,0.001,106.196,0.06,22.311,0.002,177.839,0.084,179.134,0.001,99.494,0.05,-164.508,0.001,128.842,0.07,-173.581,0.001,10.639
14/10/19 16:26,245.374,7.634,1871,-83,7.633,2.535,0.003,115.069,0.055,86.222,0.002,-115.885,0.184,-21.329,0.001,107.775,0.044,28.165,0.001,174.969,0.083,-176.14,0.001,96.327,0.048,-159.968,0.001,122.57,0.073,-172.044,0.001,10.197
14/10/19 16:26,245.297,7.631,1870,-83,7.629,2.536,0.003,112.098,0.054,84.905,0.002,-117.041,0.193,-19.301,0.001,104.57,0.04,34.125,0.001,173.961,0.085,-175.071,0.001,100.042,0.054,-160.22,0.001,127.342,0.076,-168.243,0.001,20.08
14/10/19 16:26,245.199,7.628,1868,-83,7.627,2.536,0.004,112.221,0.055,85.805,0.002,-116.15,0.179,-24.101,0.001,96.197,0.05,21.347,0.001,168.977,0.082,-179.209,0.001,95.632,0.046,-164.311,0.001,127.822,0.075,-173.913,0.001,14.13
14/10/19 16:26,245.004,7.622,1865,-83,7.62,2.538,0.004,115.33,0.055,85.605,0.002,-118.5,0.172,-27.816,0.001,80.979,0.058,19.972,0.002,165.908,0.082,179.478,0.005,153.769,0.039,-169.045,0.013,176.618,0.064,-165.923,0.015,18.046
14/10/19 16:26,245.047,7.623,1866,-83,7.619,2.539,0.004,120.315,0.055,84.906,0.002,-124.162,0.17,-28.966,0.002,109.343,0.063,18.993,0.002,5.375,0.088,178.095,0.005,-95.602,0.04,-178.996,0.013,-92.239,0.067,-154.901,0.014,-50.894
14/10/19 16:26,245.002,7.621,1865,-82,7.62,2.537,0.004,117.76,0.055,84.539,0.002,-115.286,0.171,-28.917,0.002,122.1,0.066,17.946,0.002,-49.24,0.091,175.85,0.003,-40.283,0.046,172.485,0.005,55.763,0.066,-168.918,0.004,-4.863
14/10/19 16:26,244.7,7.611,1861,-82,7.614,2.538,0.003,113.434,0.055,84.862,0.002,-120.271,0.181,-24.865,0.002,129.579,0.057,21.575,0.001,-30.902,0.089,179.612,0.003,-63.528,0.042,-178.424,0.007,92.46,0.067,-160.954,0.007,-27.333
14/10/19 16:26,244.914,7.618,1864,-83,7.608,2.54,0.004,114.084,0.054,85.255,0.002,-118.975,0.19,-22.502,0.002,116.629,0.051,28.243,0.002,140.922,0.086,-175.93,0.007,110.692,0.038,-167.728,0.021,76.97,0.069,-147.34,0.023,33.495
14/10/19 16:26,245.188,7.626,1868,-83,7.619,2.538,0.003,113.536,0.054,83.541,0.002,-124.595,0.188,-21.415,0.001,109.759,0.05,30.15,0.002,171.484,0.086,-177.621,0.003,106.783,0.054,-163.617,0.007,108.909,0.077,-164.037,0.007,26.977
14/10/19 16:26,245.41,7.632,1871,-83,7.624,2.537,0.003,106.569,0.053,83.189,0.002,-124.548,0.187,-21.87,0.001,104.075,0.051,24.213,0.001,164.598,0.082,-177.927,0.001,98.791,0.048,-161.982,0.001,119.775,0.076,-174.614,0.001,13.388
14/10/19 16:26,245.475,7.634,1872,-83,7.631,2.536,0.003,106.424,0.052,82.872,0.002,-124.637,0.188,-22.956,0.001,108.803,0.055,23.623,0.001,166.577,0.082,-179.262,0.001,100.329,0.049,-164.334,0.001,121.175,0.076,-175.316,0.001,9.491
14/10/19 16:26,245.653,7.639,1875,-83,7.632,2.535,0.003,107.117,0.054,83.555,0.002,-122.178,0.186,-25.389,0.001,111.282,0.063,21.598,0.001,167.392,0.083,178.534,0.001,97.353,0.051,-165.753,0.001,117.577,0.076,-175.789,0.001,16.381
14/10/19 16:26,245.325,7.628,1870,-83,7.631,2.535,0.003,110.227,0.054,85.3,0.002,-121.732,0.181,-26.17,0.001,105.864,0.063,23.897,0.001,178.389,0.084,178.444,0.001,90.685,0.053,-165.285,0.001,117.845,0.074,-175.311,0.001,8.098
14/10/19 16:26,245.348,7.629,1870,-83,7.622,2.535,0.003,105.352,0.055,84.264,0.002,-120.614,0.178,-26.663,0.001,105.25,0.063,23.796,0.001,175.523,0.084,178.34,0.001,86.785,0.052,-165.227,0.001,121.106,0.073,-175.326,0.001,8.627
14/10/19 16:26,245.432,7.631,1871,-83,7.627,2.536,0.003,103.573,0.055,84.575,0.002,-119.841,0.171,-27.325,0.001,109.865,0.061,24.424,0.001,179.812,0.083,178.251,0.001,85.574,0.052,-165.575,0.001,121.198,0.074,-174.468,0.001,4.086
14/10/19 16:26,245.376,7.629,1870,-83,7.627,2.535,0.003,105.031,0.055,84.398,0.002,-119.727,0.172,-27.273,0.001,103.867,0.063,22.167,0.001,-176.882,0.084,178.051,0.001,86.878,0.052,-166.656,0.001,111.014,0.073,-174.587,0.001,6.062
14/10/19 16:26,245.303,7.627,1869,-83,7.624,2.537,0.003,112.287,0.056,84.406,0.002,-120.372,0.178,-26.464,0.001,108.616,0.065,24.075,0.001,178.657,0.084,178.066,0.001,91.514,0.053,-166.341,0.001,113.283,0.074,-176.539,0.001,5.703
14/10/19 16:26,245.2,7.624,1867,-83,7.621,2.536,0.003,111.917,0.054,83.162,0.002,-123.14,0.181,-24.854,0.001,107.474,0.066,26.818,0.001,177.177,0.083,177.204,0.001,94.255,0.057,-171.262,0.001,113.664,0.081,178.077,0.001,0.46
14/10/19 16:26,245.399,7.63,1870,-83,7.621,2.534,0.003,108.169,0.053,83.191,0.002,-127.95,0.181,-24.235,0.001,116.089,0.067,28.202,0.001,170.29,0.082,176.844,0.002,91.544,0.06,-172.922,0.002,99.718,0.084,175.957,0.001,-4.734
14/10/19 16:26,245.277,7.625,1868,-82,7.626,2.535,0.003,105.536,0.053,83.485,0.002,-119.546,0.178,-24.357,0.001,103.161,0.068,27.276,0.001,171.544,0.082,176.767,0.002,95.796,0.064,-174.324,0.002,90.357,0.087,175.738,0.002,-13.709
14/10/19 16:27,244.87,7.612,1862,-82,7.616,2.536,0.003,109.289,0.052,82.321,0.002,-115.901,0.177,-24.263,0.001,107.929,0.068,26.95,0.001,172.521,0.083,176.154,0.001,95.689,0.064,-177.702,0.002,115.166,0.087,173.692,0.001,1.053
14/10/19 16:27,244.743,7.608,1860,-82,7.608,2.537,0.004,110.665,0.051,82.834,0.002,-112.118,0.18,-23.499,0.001,100.741,0.068,27.094,0.001,166.63,0.083,176.043,0.001,92.029,0.063,-178.984,0.001,121.663,0.088,173.746,0.001,9.68
14/10/19 16:27,244.681,7.606,1859,-82,7.603,2.538,0.003,108.354,0.052,82.758,0.002,-121.571,0.18,-24.365,0.001,108.839,0.07,27.34,0.001,168.777,0.083,176.354,0.001,97.594,0.064,-176.121,0.001,103.881,0.086,174.251,0.001,9.71
14/10/19 16:27,245,7.616,1864,-82,7.605,2.54,0.003,111.561,0.053,83.518,0.002,-119.225,0.177,-24.673,0.001,98.66,0.068,26.912,0.001,170.6,0.083,176.402,0.001,103.291,0.063,-174.982,0.001,109.051,0.086,175.935,0.001,4.691
14/10/19 16:27,244.786,7.609,1861,-82,7.61,2.54,0.003,112.759,0.053,83.996,0.002,-121.21,0.175,-24.991,0.001,101.703,0.065,26.368,0.001,168.691,0.083,176.81,0.001,103.574,0.059,-171.802,0.001,113.391,0.082,179.606,0.001,9.144
14/10/19 16:27,244.794,7.609,1861,-83,7.604,2.541,0.003,110.874,0.054,85.838,0.002,-118.104,0.175,-25.402,0.001,103.54,0.061,24.854,0.001,171.817,0.083,178.356,0.001,99.981,0.054,-166.997,0.001,115.932,0.076,-176.749,0.001,16.938
14/10/19 16:27,244.775,7.608,1860,-82,7.607,2.542,0.004,114.024,0.055,86.073,0.002,-134.29,0.169,-28.397,0.002,97.821,0.061,22.914,0.003,147.694,0.081,-179.566,0.006,2.066,0.033,-170.148,0.02,-31.034,0.052,-156.738,0.025,-19.751
14/10/19 16:27,245.03,7.616,1864,-83,7.607,2.542,0.003,113.151,0.054,85.185,0.002,-130.375,0.165,-30.207,0.002,130.414,0.062,17.836,0.001,-8.189,0.088,177.087,0.003,-44.532,0.041,176.288,0.006,67.151,0.059,-165.607,0.005,-20.945
14/10/19 16:27,245.026,7.616,1864,-83,7.614,2.542,0.003,111.149,0.055,86.715,0.002,-132.511,0.166,-30.216,0.002,133.354,0.06,18.655,0.003,-174.386,0.082,179.301,0.006,-0.367,0.031,-172.845,0.018,63.75,0.051,-149.211,0.022,50.825
14/10/19 16:27,245.379,7.627,1870,-83,7.617,2.541,0.003,111.014,0.056,85.895,0.002,-128.878,0.164,-28.99,0.001,110.148,0.063,21.032,0.002,-178.484,0.081,179.203,0.005,91.764,0.042,-159.824,0.014,101.254,0.063,-165.337,0.017,38.388
14/10/19 16:27,245.463,7.629,1871,-83,7.622,2.54,0.003,109.461,0.055,85.675,0.002,-119.107,0.165,-27.86,0.001,111.18,0.061,21.661,0.002,171.352,0.083,179.053,0.001,92.828,0.049,-164.687,0.001,107.215,0.07,-176.163,0.001,10.142
14/10/19 16:27,245.363,7.626,1869,-83,7.623,2.54,0.003,113.187,0.054,86.097,0.002,-118.99,0.164,-27.115,0.001,115.033,0.064,22.303,0.001,167.423,0.082,179.038,0.002,83.012,0.049,-164.311,0.001,139.968,0.068,-176.879,0.001,-9.218
14/10/19 16:27,245.21,7.621,1867,-82,7.621,2.54,0.004,111.405,0.054,86.449,0.002,-118.319,0.163,-27.437,0.001,127.514,0.064,22.618,0.002,177.48,0.082,178.312,0.001,87.147,0.049,-166.626,0.001,134.139,0.07,-178.861,0.001,-4.737
14/10/19 16:27,245.381,7.627,1870,-83,7.619,2.541,0.003,111.074,0.054,84.539,0.002,-116.313,0.168,-27.508,0.001,116.822,0.066,22.632,0.002,172.848,0.083,176.418,0.001,90.484,0.053,-172.114,0.001,113.638,0.076,177.976,0.001,4.03
14/10/19 16:27,245.497,7.63,1871,-83,7.625,2.54,0.003,113.788,0.054,84.205,0.002,-120.091,0.171,-27.757,0.001,113.442,0.067,20.611,0.001,177.818,0.082,176.702,0.001,97.698,0.053,-171.123,0.001,120.067,0.077,177.649,0.001,8.812
14/10/19 16:27,245.561,7.632,1872,-83,7.63,2.539,0.003,112.578,0.052,83.092,0.002,-142.617,0.173,-23.638,0.001,118.401,0.054,25.188,0.001,179.154,0.082,-178.969,0.002,98.899,0.054,-167.7,0.002,107.834,0.079,-178.334,0.001,14.448
14/10/19 16:27,245.363,7.626,1869,-83,7.628,2.538,0.003,109.078,0.052,84.182,0.002,-142.355,0.179,-21.962,0.002,126.453,0.052,31.099,0.002,172.48,0.084,-178.435,0.003,79.46,0.054,-172.795,0.011,14.243,0.075,-171.454,0.013,14.938
14/10/19 16:27,245.014,7.615,1864,-82,7.617,2.54,0.003,112.61,0.052,83.929,0.003,-131.779,0.175,-25.845,0.001,135.852,0.055,16.749,0.002,-86.061,0.083,-179.907,0.004,-31.504,0.032,-167.837,0.011,-28.296,0.062,-162.565,0.012,-6.954
14/10/19 16:27,244.712,7.606,1859,-82,7.609,2.541,0.004,113.1,0.052,85.065,0.002,-127.646,0.18,-25.523,0.001,123.054,0.055,18.323,0.002,168.892,0.082,-179.638,0.005,48.545,0.029,176.524,0.012,-139.694,0.053,-166.652,0.012,-66.077
14/10/19 16:27,244.554,7.601,1857,-82,7.6,2.543,0.004,113.099,0.053,84.563,0.002,-117.694,0.177,-27.953,0.002,128.686,0.064,17.489,0.003,-146.948,0.078,179.698,0.007,18.924,0.029,178.272,0.019,135.647,0.056,-174.767,0.022,-23.338
14/10/19 16:28,244.728,7.606,1860,-82,7.599,2.543,0.003,103.315,0.055,84.089,0.002,-113.471,0.173,-28.544,0.001,101.018,0.07,20.502,0.002,-166.24,0.081,176.322,0.002,81.285,0.05,-173.682,0.006,79.846,0.072,176.076,0.006,32.326
14/10/19 16:28,244.581,7.602,1857,-82,7.601,2.543,0.003,104.955,0.055,84.546,0.002,-113.826,0.171,-29.117,0.001,82.083,0.07,19.996,0.001,-173.637,0.081,176.551,0.001,96.18,0.051,-171.301,0.001,117.34,0.073,176.753,0.001,6.051
14/10/19 16:28,244.772,7.607,1860,-82,7.601,2.544,0.003,103.605,0.054,84.126,0.002,-123.642,0.171,-29.442,0.001,93.545,0.069,19.314,0.001,-177.666,0.08,176.42,0.001,85.563,0.049,-170.411,0.001,113.512,0.071,177.255,0.001,11.711
14/10/19 16:28,244.964,7.613,1863,-83,7.606,2.543,0.003,99.792,0.055,83.372,0.002,-114.248,0.172,-29.395,0.001,81.532,0.07,18.922,0.001,179.753,0.081,176.168,0.001,89.045,0.048,-170.872,0.001,109.316,0.07,177.414,0.001,15.233
14/10/19 16:28,244.569,7.601,1857,-82,7.605,2.545,0.004,105.732,0.054,83.818,0.002,-110.507,0.174,-29.61,0.001,83.347,0.071,16.607,0.001,-173.652,0.081,176.547,0.001,85.263,0.046,-168.61,0.001,120.776,0.066,179.889,0.001,14.722
14/10/19 16:28,244.404,7.596,1855,-82,7.592,2.545,0.003,103.903,0.053,83.335,0.002,-118.174,0.173,-29.453,0.001,97.904,0.071,18.329,0.001,-172.007,0.08,176.863,0.001,88.575,0.045,-168.46,0.001,123.143,0.066,179.368,0.001,5.983
14/10/19 16:28,244.767,7.608,1860,-83,7.599,2.546,0.003,100.613,0.054,84.041,0.001,-130.666,0.171,-30.153,0.001,91.776,0.069,17.77,0.001,-175.892,0.081,177.768,0.001,85.299,0.045,-166.864,0.001,118.249,0.065,-179.39,0.001,11.202
14/10/19 16:28,244.736,7.607,1860,-82,7.606,2.546,0.003,103.586,0.054,84.929,0.002,-117.055,0.169,-29.881,0.001,86.576,0.068,17.12,0.001,175.699,0.08,178.278,0.001,86.995,0.044,-166.719,0.001,108.321,0.065,-178.24,0.001,14.396
14/10/19 16:28,244.822,7.609,1861,-83,7.601,2.545,0.003,109.38,0.052,84.408,0.002,-116.99,0.167,-27.819,0.001,94.01,0.063,16.669,0.001,-178.673,0.078,179.675,0.001,89.009,0.04,-165.395,0.001,111.631,0.067,-179.829,0.001,8.017
14/10/19 16:28,244.902,7.612,1862,-83,7.608,2.546,0.003,105.225,0.051,86.664,0.002,-110.781,0.164,-29.53,0.001,110.247,0.064,18.679,0.001,171.469,0.081,179.492,0.002,91.872,0.044,-165.792,0.001,105.755,0.063,-177.462,0.001,2.008
14/10/19 16:28,244.732,7.606,1860,-83,7.606,2.547,0.003,103.684,0.051,86.578,0.002,-107.798,0.165,-28.645,0.001,95.95,0.06,19.814,0.001,-176.071,0.082,179.761,0.001,90.416,0.042,-165.99,0.001,116.008,0.062,-176.296,0.001,30.341
14/10/19 16:28,244.825,7.609,1861,-83,7.605,2.546,0.003,104.519,0.052,84.698,0.002,-113.252,0.166,-29.011,0.001,97.111,0.06,17.061,0.001,-178.507,0.082,179.675,0.001,102.39,0.041,-164.473,0.001,147.443,0.061,-173.705,0.001,41.203
14/10/19 16:28,244.83,7.609,1861,-83,7.607,2.545,0.003,103.568,0.053,86.07,0.002,-115.411,0.166,-29.186,0.001,94.456,0.06,18.302,0.001,175.031,0.083,179.491,0.001,107.694,0.041,-163.502,0.001,151.016,0.06,-172.807,0.001,47.273
14/10/19 16:28,245.118,7.618,1865,-83,7.609,2.544,0.003,100.632,0.054,85.976,0.002,-115.984,0.169,-29.195,0.001,106.853,0.06,19.256,0.001,179.34,0.083,179.359,0.001,103.775,0.042,-164.429,0.001,143.504,0.06,-174.154,0.001,40.922
14/10/19 16:28,244.954,7.613,1863,-83,7.613,2.543,0.003,100.995,0.054,86.779,0.002,-110.08,0.17,-30.205,0.001,119.168,0.064,17.518,0.001,171.331,0.083,178.487,0.002,92.386,0.044,-165.042,0.002,122.513,0.062,-177.097,0.001,22.469
14/10/19 16:28,244.994,7.614,1864,-83,7.613,2.541,0.003,100.197,0.055,86.592,0.002,-133.352,0.172,-29.231,0.001,109.59,0.065,19.75,0.001,176.637,0.082,178.099,0.001,103.052,0.046,-163.646,0.001,114.118,0.066,-179.56,0.001,14.518
14/10/19 16:28,244.827,7.609,1861,-83,7.608,2.541,0.003,101.865,0.055,85.836,0.002,-125.159,0.177,-28.571,0.001,101.125,0.069,17.344,0.001,175.844,0.081,177.69,0.001,87.436,0.045,-163.834,0.001,110.547,0.066,-179.867,0.001,16.043
14/10/19 16:28,245.104,7.617,1865,-83,7.609,2.54,0.003,99.974,0.055,86.17,0.002,-117.327,0.183,-27.54,0.001,86.085,0.071,17.11,0.001,-171.907,0.081,177.605,0.001,103.529,0.044,-163.628,0.001,110.051,0.066,179.85,0.001,16.353
14/10/19 16:28,245.182,7.619,1866,-83,7.618,2.539,0.003,102.209,0.055,85.808,0.002,-130.66,0.176,-27.841,0.001,100.435,0.07,21.093,0.001,175.445,0.082,177.385,0.001,97.433,0.045,-163.69,0.001,107.319,0.066,-179.531,0.001,9.473
14/10/19 16:28,245.013,7.614,1864,-82,7.609,2.54,0.003,98.577,0.055,85.416,0.002,-125.867,0.177,-28.633,0.001,92.62,0.071,16.183,0.001,-179.336,0.081,177.151,0.001,88.294,0.044,-163.663,0.001,110.296,0.066,-178.337,0.001,11.93
14/10/19 16:29,244.709,7.605,1859,-82,7.612,2.54,0.004,98.741,0.054,86.13,0.002,-126.785,0.17,-29.312,0.001,106.976,0.068,18.406,0.001,172.128,0.081,177.057,0.001,77.902,0.045,-163.567,0.001,111.188,0.066,-178.098,0.001,20.062
14/10/19 16:29,244.93,7.612,1862,-82,7.603,2.541,0.004,100.599,0.054,85.508,0.002,-127.703,0.173,-29.679,0.001,116.779,0.069,14.32,0.001,-175.311,0.08,177.193,0.001,75.185,0.044,-164.389,0.001,121.621,0.066,-177.303,0.001,5.453
14/10/19 16:29,245.027,7.614,1864,-83,7.608,2.542,0.004,103.695,0.053,85.216,0.002,-126.569,0.17,-29.172,0.001,94.276,0.066,18.416,0.001,175.116,0.08,177.386,0.001,84.048,0.044,-164.449,0.001,129.894,0.066,-178.545,0.001,6.69
14/10/19 16:29,244.632,7.602,1858,-82,7.607,2.543,0.004,101.626,0.053,85.28,0.002,-111.637,0.171,-28.819,0.001,93.736,0.066,19.866,0.001,179.343,0.081,177.492,0.001,78.475,0.045,-164.807,0.001,112.277,0.067,-178.463,0.001,20.191
14/10/19 16:29,244.905,7.611,1862,-83,7.601,2.546,0.003,103.708,0.052,84.545,0.002,-110.839,0.167,-30.871,0.001,102.052,0.064,16.856,0.001,167.745,0.08,178,0.002,97.364,0.04,-161.799,0.001,126.478,0.062,-173.21,0.001,28.241
14/10/19 16:29,245.138,7.618,1866,-83,7.612,2.545,0.003,101.641,0.053,85.636,0.002,-113.573,0.165,-31.485,0.002,111.154,0.063,16.388,0.001,165.122,0.081,177.674,0.002,103.448,0.039,-161.133,0.001,123.803,0.061,-172.194,0.001,16.3
14/10/19 16:29,245.159,7.619,1866,-83,7.614,2.544,0.003,103.532,0.054,85.954,0.002,-119.867,0.165,-31.512,0.002,108.139,0.063,16.659,0.001,158.433,0.081,177.892,0.002,105.671,0.04,-160.97,0.002,114.536,0.061,-172.495,0.001,18.255
14/10/19 16:29,245.224,7.621,1867,-83,7.617,2.544,0.003,106.3,0.053,85.106,0.002,-122.062,0.165,-31.945,0.002,109.505,0.061,15.555,0.001,158.793,0.081,178.101,0.002,105.417,0.039,-161.696,0.001,118.842,0.061,-173.142,0.001,20.103
14/10/19 16:29,245.321,7.624,1868,-83,7.617,2.543,0.003,104.927,0.054,85.661,0.002,-119.202,0.169,-30.687,0.002,113.629,0.062,18.161,0.001,168.03,0.082,177.847,0.001,84.839,0.042,-163.573,0.001,120.542,0.064,-176.436,0.001,37.844
14/10/19 16:29,245.182,7.619,1866,-83,7.619,2.543,0.003,103.378,0.054,85.542,0.002,-123.483,0.17,-29.563,0.001,118.4,0.062,20.959,0.001,-179.002,0.082,177.373,0.001,95.091,0.043,-163.415,0.001,114.918,0.066,-177.723,0.001,22.139
14/10/19 16:29,245.463,7.628,1871,-83,7.62,2.541,0.003,105.164,0.054,84.591,0.002,-135.548,0.171,-29.286,0.001,108.228,0.063,21.001,0.001,-176.548,0.082,177.172,0.001,90.235,0.044,-163.65,0.001,109.155,0.067,-178.612,0.001,14.397
14/10/19 16:29,245.627,7.633,1873,-83,7.625,2.54,0.003,105.043,0.053,84.976,0.002,-138.543,0.169,-29.385,0.001,101.983,0.063,20.766,0.001,-178.13,0.084,177.061,0.001,102.099,0.043,-165.553,0.001,113.88,0.066,-179.149,0.001,12.981
14/10/19 16:29,245.837,7.639,1876,-83,7.633,2.539,0.003,106.12,0.052,84.821,0.002,-129.934,0.168,-30.068,0.001,120.963,0.062,20.554,0.002,-160.223,0.083,177.834,0.004,45.779,0.035,-170.38,0.011,86.418,0.056,-176.212,0.015,80.732
14/10/19 16:29,246.037,7.645,1879,-83,7.638,2.539,0.003,108.009,0.052,84.648,0.002,-131.44,0.169,-31.208,0.002,109.288,0.057,19.397,0.002,-97.798,0.085,179.711,0.004,-78.705,0.031,-170.555,0.01,-129.781,0.054,-149.178,0.011,-95.89
14/10/19 16:29,245.875,7.64,1877,-83,7.641,2.539,0.003,113.112,0.053,83.996,0.002,-128.305,0.172,-30.943,0.002,106.078,0.054,20.031,0.003,-91.684,0.087,-179.981,0.005,-107.824,0.032,-168.168,0.013,-142.569,0.056,-151.262,0.014,-17.508
14/10/19 16:29,245.837,7.639,1876,-83,7.638,2.538,0.003,111.812,0.053,84.609,0.002,-130.605,0.17,-30.384,0.001,82.608,0.052,23.06,0.002,-174.096,0.082,-179.379,0.005,-72.664,0.029,-166.608,0.014,128.255,0.051,-154.645,0.018,70.372
14/10/19 16:29,245.561,7.631,1872,-83,7.631,2.538,0.003,113.754,0.053,85.858,0.002,-113.819,0.169,-28.971,0.002,88.181,0.053,22.968,0.001,-174.169,0.083,179.555,0.001,99.656,0.042,-160.809,0.001,132.989,0.065,-170.215,0.001,30.393
14/10/19 16:29,245.614,7.632,1873,-83,7.631,2.539,0.003,114.333,0.054,86.324,0.002,-117.36,0.17,-29.48,0.002,113.731,0.06,20.637,0.001,173.558,0.083,178.04,0.002,90.347,0.043,-163.661,0.002,118.315,0.065,-174.564,0.001,16
14/10/19 16:29,245.583,7.631,1872,-83,7.629,2.539,0.003,112.316,0.054,85.236,0.002,-127.459,0.172,-28.962,0.002,107.49,0.062,22.059,0.001,173.538,0.083,177.3,0.001,101.437,0.045,-164.668,0.001,122.718,0.068,-176.3,0.001,18.857
14/10/19 16:29,245.549,7.63,1872,-83,7.628,2.54,0.003,112.089,0.055,85.134,0.002,-130.265,0.175,-29.983,0.002,113,0.062,20.795,0.002,164.503,0.083,178.026,0.005,130.509,0.038,-167.051,0.011,148.295,0.061,-170.135,0.015,5.155
14/10/19 16:30,245.384,7.625,1869,-83,7.622,2.541,0.003,114.627,0.055,85.591,0.002,-131.517,0.181,-30.344,0.001,134.014,0.064,15.784,0.001,-117.436,0.088,174.393,0.003,10.829,0.028,179.414,0.005,36.211,0.052,-162.921,0.005,-63.668
14/10/19 16:30,245.425,7.626,1870,-83,7.621,2.54,0.003,118.021,0.054,85.674,0.003,-121.279,0.18,-30.321,0.001,132.311,0.063,17.421,0.001,175.641,0.09,173.784,0.002,26.958,0.026,163.075,0.002,-8.865,0.046,-168.914,0.003,-66.874
14/10/19 16:30,245.431,7.627,1870,-83,7.622,2.541,0.003,111.688,0.054,86.081,0.003,-143.774,0.177,-30.255,0.002,143.039,0.061,19,0.001,-145.8,0.089,174.805,0.003,30.026,0.029,165.599,0.002,6.115,0.047,-170.128,0.003,-79.735
14/10/19 16:30,245.553,7.63,1872,-83,7.626,2.541,0.003,116.414,0.054,86.233,0.002,-135.247,0.176,-30.366,0.001,118.613,0.06,19.821,0.001,-166.229,0.088,175.989,0.004,38.981,0.034,173.284,0.008,41.736,0.053,-173.68,0.007,-76.654
14/10/19 16:30,245.474,7.628,1871,-83,7.627,2.542,0.004,112.651,0.055,87.653,0.002,-137.639,0.171,-30.877,0.002,168.002,0.059,19.717,0.003,-151.17,0.082,179.515,0.006,-40.32,0.028,-169.135,0.019,114.006,0.048,-156.856,0.026,90.062
14/10/19 16:30,245.379,7.625,1869,-83,7.623,2.542,0.003,112.418,0.055,85.444,0.002,-130.134,0.171,-29.022,0.002,134.792,0.058,19.82,0.002,173.271,0.082,179.426,0.004,112.377,0.037,-163.588,0.011,109.15,0.065,-169.631,0.016,55.639
14/10/19 16:30,245.141,7.618,1866,-83,7.617,2.541,0.003,113.693,0.055,85.816,0.002,-123.389,0.184,-23.564,0.001,107.067,0.047,28.702,0.001,-179.794,0.085,-177.491,0.001,110.455,0.049,-162.871,0.001,125.061,0.071,-170.1,0.001,20.9
14/10/19 16:30,245.301,7.623,1868,-83,7.616,2.543,0.003,112.869,0.054,86.377,0.002,-120.631,0.183,-24.957,0.001,122.611,0.042,27.394,0.001,173.328,0.084,-176.589,0.002,112.918,0.046,-159.106,0.002,125.237,0.066,-165.844,0.001,38.719
14/10/19 16:30,245.698,7.635,1874,-83,7.624,2.543,0.003,113.184,0.054,86.584,0.002,-119.524,0.17,-29.283,0.002,116.503,0.05,18.915,0.002,-179.317,0.08,-178.129,0.005,117.616,0.032,-160.331,0.013,138.231,0.056,-166.934,0.017,104.41
14/10/19 16:30,245.822,7.639,1876,-83,7.634,2.542,0.003,121.216,0.055,86.498,0.002,-127.892,0.165,-31.868,0.002,131.317,0.054,15.24,0.002,127.695,0.085,179.506,0.005,159.392,0.033,-173.733,0.012,173.583,0.064,-155.814,0.013,-72.425
14/10/19 16:30,245.934,7.642,1878,-83,7.64,2.54,0.003,119.358,0.055,85.734,0.002,-121.18,0.164,-32.209,0.003,126.522,0.058,17.896,0.002,-68.624,0.087,177.122,0.002,-90.385,0.04,179.146,0.006,46.94,0.06,-167.176,0.005,-2.254
14/10/19 16:30,245.642,7.633,1873,-83,7.633,2.539,0.003,123.214,0.055,85.17,0.002,-127.905,0.17,-31.331,0.003,134.622,0.06,19.302,0.002,-49.351,0.087,176.647,0.003,-49.813,0.041,176.48,0.006,36.496,0.061,-171.435,0.005,-7.128
14/10/19 16:30,245.334,7.623,1868,-83,7.627,2.54,0.003,125.913,0.055,84.792,0.002,-138.102,0.173,-31.01,0.002,131.374,0.06,18.891,0.002,-77.547,0.088,176.816,0.002,-67.685,0.038,177.516,0.005,56.664,0.059,-170.953,0.004,-5.781
14/10/19 16:30,245.047,7.614,1864,-82,7.614,2.543,0.003,122.386,0.054,85.109,0.003,-137.399,0.177,-30.289,0.002,116.49,0.06,19.65,0.003,-168.916,0.084,179.975,0.007,-82.401,0.03,-170.5,0.021,164.422,0.054,-153.874,0.025,60.518
14/10/19 16:30,244.923,7.61,1862,-82,7.61,2.544,0.003,117.097,0.053,83.246,0.002,-140.429,0.175,-30.032,0.002,109.071,0.061,19.826,0.002,173.795,0.084,178.404,0.003,122.942,0.04,-168.666,0.009,151.533,0.063,-174.644,0.012,-12.723
14/10/19 16:30,244.879,7.609,1861,-82,7.604,2.545,0.003,113.433,0.052,83.356,0.002,-134.261,0.177,-28.511,0.001,116.86,0.062,21.111,0.002,178.266,0.083,178.106,0.001,113.725,0.044,-166.736,0.002,120.016,0.067,-179.89,0.001,27.12
14/10/19 16:30,244.967,7.612,1863,-83,7.606,2.545,0.003,111.574,0.053,83.922,0.002,-135.522,0.177,-28.326,0.001,112.005,0.063,20.494,0.002,172.098,0.084,177.923,0.001,111.568,0.045,-165.657,0.002,119.789,0.067,-178.01,0.001,19.945
14/10/19 16:30,244.896,7.61,1862,-83,7.608,2.547,0.003,113.783,0.053,85.026,0.002,-124.425,0.18,-29.499,0.001,122.574,0.062,18.133,0.002,156.008,0.082,179.328,0.004,79.625,0.039,-162.107,0.009,104.801,0.06,-167.713,0.012,36.86
14/10/19 16:30,244.803,7.607,1860,-82,7.603,2.547,0.004,113.123,0.052,85.105,0.002,-139.2,0.184,-30.148,0.001,93.937,0.061,14.562,0.002,-104.429,0.084,177.662,0.003,-44.529,0.025,-169.156,0.006,-64.278,0.048,-158.839,0.007,-49.641
14/10/19 16:30,245.061,7.615,1864,-83,7.605,2.546,0.003,117.143,0.053,85.105,0.002,-139.081,0.184,-29.71,0.001,82.237,0.061,13.461,0.001,-92.191,0.086,175.341,0.002,-40.556,0.014,179.291,0.003,177.697,0.042,-156.638,0.002,-144.176
14/10/19 16:31,245.19,7.619,1866,-83,7.613,2.546,0.003,109.776,0.053,85.889,0.002,-121.315,0.185,-28.785,0.001,95.574,0.06,17.15,0.001,-95.414,0.087,175.297,0.002,-26.592,0.018,167.897,0.003,-160.047,0.041,-162.016,0.003,-138.797
14/10/19 16:31,245.166,7.618,1866,-83,7.615,2.545,0.004,113.709,0.053,85.839,0.002,-131.237,0.184,-28.661,0.002,138.661,0.061,19.676,0.001,-144.575,0.088,176.615,0.003,27.804,0.027,173.997,0.006,146.039,0.047,-162.59,0.005,-99.471
14/10/19 16:31,244.794,7.607,1860,-82,7.611,2.545,0.004,114.437,0.054,85.667,0.002,-133.33,0.18,-29.292,0.002,147.035,0.062,19.863,0.002,166.809,0.082,-177.883,0.007,-105.356,0.03,-159.779,0.017,53.254,0.052,-157.878,0.022,20.476
14/10/19 16:31,244.547,7.599,1857,-82,7.599,2.545,0.003,113.762,0.054,83.849,0.002,-136.904,0.182,-27.94,0.001,132.215,0.064,19.782,0.002,178.481,0.081,179.611,0.004,61.917,0.038,-167.258,0.013,35.572,0.061,-174.87,0.017,18.727
14/10/19 16:31,244.665,7.603,1858,-82,7.597,2.546,0.003,108.001,0.054,83.636,0.002,-130.579,0.184,-27.087,0.001,107.671,0.064,21.381,0.001,169.611,0.082,178.685,0.001,98.931,0.045,-164.084,0.001,118.956,0.068,-179.335,0.001,20.843
14/10/19 16:31,244.765,7.607,1860,-83,7.601,2.548,0.003,109.561,0.053,83.918,0.002,-120.497,0.177,-28.625,0.001,115.078,0.059,19.754,0.001,164.759,0.082,179.325,0.002,99.481,0.042,-162.275,0.002,122.475,0.063,-173.628,0.001,24.147
14/10/19 16:31,245.204,7.62,1867,-83,7.61,2.548,0.003,113.679,0.054,83.487,0.002,-123.949,0.174,-28.809,0.001,119.216,0.059,20.155,0.001,168.767,0.082,179.406,0.002,108.364,0.041,-162.272,0.002,123.504,0.064,-172.953,0.001,20.469
14/10/19 16:31,245.047,7.615,1864,-83,7.617,2.545,0.003,117.054,0.053,82.953,0.001,-119.581,0.186,-24.497,0.002,119.347,0.05,24.931,0.001,172.436,0.083,-178.049,0.002,98.028,0.044,-161.156,0.002,119.874,0.069,-171.832,0.001,27.971
14/10/19 16:31,244.643,7.603,1858,-82,7.602,2.546,0.003,113.785,0.053,82.56,0.002,-132.997,0.194,-21.49,0.001,108.15,0.049,32.316,0.001,170.839,0.085,-177.914,0.001,105.679,0.052,-165.62,0.002,124.494,0.074,-171.515,0.001,27.444
14/10/19 16:31,244.903,7.611,1862,-83,7.603,2.546,0.003,106.164,0.054,82.106,0.002,-137.42,0.185,-24.591,0.001,120.537,0.051,25.727,0.001,170.753,0.081,-178.479,0.002,105.578,0.046,-161.88,0.002,112.791,0.071,-176.623,0.002,9.563
14/10/19 16:31,244.761,7.606,1860,-83,7.604,2.547,0.003,107.022,0.053,81.384,0.002,-123.424,0.176,-27.735,0.001,119.281,0.059,22.339,0.001,172.372,0.08,178.563,0.002,95.863,0.044,-163.736,0.002,107.402,0.071,-175.115,0.002,13.099
14/10/19 16:31,244.886,7.61,1862,-83,7.604,2.547,0.003,115.791,0.053,81.438,0.002,-110.135,0.182,-27.956,0.001,117.909,0.063,22.385,0.001,159.18,0.081,177.966,0.002,103.072,0.046,-164.857,0.002,112.471,0.067,-175.645,0.002,21.38
14/10/19 16:31,244.912,7.611,1862,-83,7.607,2.547,0.003,111.913,0.053,80.848,0.002,-118.441,0.182,-27.003,0.002,117.077,0.064,23.762,0.002,154.871,0.081,177.8,0.002,116.019,0.046,-169.321,0.002,124.624,0.07,-178.811,0.001,28.562
14/10/19 16:31,244.89,7.61,1862,-83,7.605,2.547,0.003,115.072,0.052,81.076,0.002,-124.945,0.182,-27.806,0.002,146.25,0.067,22.684,0.002,167.346,0.081,178.365,0.004,24.201,0.042,-170.944,0.011,71.311,0.064,-174.67,0.016,52.593
14/10/19 16:31,245.184,7.619,1866,-83,7.608,2.547,0.004,119.594,0.052,80.176,0.002,-127.835,0.185,-28.176,0.002,141.095,0.069,21.509,0.002,147.845,0.085,177.876,0.004,-146.832,0.04,-178.279,0.013,120.384,0.066,-161.913,0.015,-15.511
14/10/19 16:31,245.527,7.63,1871,-83,7.62,2.545,0.004,119.604,0.053,80.73,0.002,-138.9,0.182,-27.627,0.002,136.168,0.069,22.992,0.001,-42.129,0.089,174.537,0.002,-46.042,0.048,169.489,0.006,51.408,0.072,179.705,0.005,-5.882
14/10/19 16:31,245.473,7.628,1871,-83,7.627,2.544,0.004,118.104,0.054,81.539,0.002,-135.469,0.178,-27.97,0.002,137.054,0.068,24.662,0.002,-95.035,0.089,175.245,0.003,-67.924,0.044,172.898,0.005,49.916,0.066,-176.347,0.005,2.805
14/10/19 16:31,245.375,7.625,1869,-83,7.622,2.545,0.003,116.151,0.053,82.812,0.002,-129.766,0.176,-28.439,0.002,142.376,0.059,25.14,0.003,-167.887,0.082,-179.424,0.007,17.439,0.031,-172.144,0.02,50.259,0.054,-161.04,0.024,49.761
14/10/19 16:31,245.251,7.621,1867,-83,7.619,2.545,0.003,115.82,0.054,81.908,0.002,-121.606,0.181,-23.112,0.001,107.291,0.045,34.364,0.002,-165.455,0.083,-176.579,0.003,121.783,0.044,-159.466,0.009,131.545,0.068,-166.027,0.011,92.567
14/10/19 16:31,245.23,7.62,1867,-83,7.616,2.545,0.003,109.787,0.054,82.021,0.002,-118.702,0.183,-22.296,0.001,109.12,0.043,35.884,0.001,-171.895,0.085,-176.48,0.001,117.458,0.048,-159.461,0.002,135.427,0.07,-165.048,0.001,41.828
14/10/19 16:32,245.163,7.618,1866,-83,7.615,2.547,0.003,112.118,0.053,81.093,0.002,-124.047,0.181,-25.192,0.001,116.973,0.048,27.255,0.001,-177.363,0.082,-178.209,0.001,125.43,0.041,-157.023,0.002,137.214,0.066,-170.956,0.001,45.63
14/10/19 16:32,245.232,7.62,1867,-83,7.615,2.546,0.003,113.033,0.053,80.575,0.002,-116.926,0.175,-27.953,0.001,121.892,0.058,24.457,0.002,172.308,0.082,178.494,0.002,102.227,0.043,-163.503,0.002,118.39,0.07,-174.61,0.001,20.346
14/10/19 16:32,245.354,7.623,1869,-83,7.617,2.546,0.003,112.708,0.053,80.306,0.002,-120.719,0.179,-27.95,0.001,122.481,0.063,24.322,0.002,167.697,0.082,177.622,0.002,109.923,0.046,-163.569,0.002,117.095,0.069,-175.409,0.001,26.902
14/10/19 16:32,245.323,7.624,1868,-83,7.621,2.545,0.003,110.649,0.054,80.254,0.002,-121.727,0.175,-27.746,0.001,127.399,0.064,26.665,0.002,172.385,0.084,177.4,0.001,108.687,0.047,-163.065,0.002,120.743,0.069,-175.734,0.001,22.201
14/10/19 16:32,245.257,7.621,1867,-83,7.62,2.546,0.003,113.025,0.053,80.977,0.002,-117.839,0.174,-28.375,0.002,120.419,0.061,24.131,0.002,164.186,0.083,178.904,0.002,109.891,0.044,-160.558,0.002,126.64,0.066,-171.677,0.001,35.122
14/10/19 16:32,245.431,7.627,1870,-83,7.619,2.546,0.003,117.784,0.053,80.598,0.002,-122.202,0.176,-27.62,0.002,127.38,0.063,23.775,0.001,150.387,0.081,179.325,0.001,105.298,0.045,-159.404,0.002,141.553,0.065,-171.685,0.001,38.602
14/10/19 16:32,245.34,7.624,1869,-83,7.623,2.545,0.003,117.26,0.053,80.454,0.002,-127.433,0.176,-25.734,0.002,135.347,0.055,24.864,0.001,149.141,0.08,-179.194,0.001,97.099,0.043,-156.292,0.002,156.723,0.068,-171.986,0.001,54.072
14/10/19 16:32,245.279,7.622,1868,-83,7.62,2.545,0.003,115.17,0.053,80.682,0.002,-114.835,0.174,-25.627,0.002,131.185,0.054,24.513,0.002,161.952,0.081,-179.151,0.002,99.892,0.041,-158.458,0.002,130.922,0.068,-173.484,0.001,30.056
14/10/19 16:32,245.424,7.626,1870,-83,7.621,2.544,0.003,111.106,0.054,81.327,0.002,-120.263,0.175,-26.09,0.001,124.105,0.062,26.141,0.002,169.876,0.083,178.104,0.001,112.543,0.044,-164.417,0.002,118.943,0.073,-177.79,0.001,17.92
14/10/19 16:32,245.497,7.628,1871,-83,7.623,2.543,0.003,111.569,0.056,82.319,0.002,-121.614,0.176,-27.124,0.001,128.335,0.065,26.053,0.002,172.22,0.085,177.868,0.001,115.967,0.045,-163.282,0.002,120.779,0.069,-177.353,0.001,19.134
14/10/19 16:32,245.676,7.634,1874,-83,7.626,2.543,0.003,92.156,0.056,82.676,0.003,-88.951,0.176,-27.526,0.001,104.191,0.065,25.865,0.002,168.692,0.085,177.386,0.002,109.784,0.046,-162.245,0.002,121.09,0.068,-175.759,0.001,32.551
14/10/19 16:32,245.927,7.641,1877,-83,7.633,2.541,0.003,101.569,0.054,81.364,0.002,-80.946,0.178,-27.59,0.001,119.029,0.066,25.177,0.002,167.149,0.084,177.033,0.002,91.91,0.047,-165.539,0.002,117.957,0.072,-177.927,0.001,25.707
14/10/19 16:32,245.972,7.643,1878,-83,7.64,2.54,0.003,104.562,0.055,81.96,0.002,-100.969,0.178,-27.201,0.001,133.204,0.066,26.523,0.002,167.51,0.084,176.811,0.002,98.504,0.05,-167.602,0.002,118.793,0.074,179.663,0.001,12.941
14/10/19 16:32,245.696,7.634,1874,-83,7.634,2.539,0.003,102.416,0.054,82.247,0.002,-109.4,0.182,-23.801,0.001,135.734,0.055,31.928,0.001,-179.382,0.084,179.685,0.002,112.1,0.051,-166.78,0.002,122.238,0.078,-178.9,0.001,15.248
14/10/19 16:32,245.443,7.626,1870,-83,7.628,2.541,0.003,104.184,0.052,81.524,0.002,-121.959,0.189,-20.901,0.001,120.384,0.05,38.299,0.001,-176.039,0.086,-179.359,0.001,106.116,0.058,-168.204,0.002,122.959,0.083,-173.887,0.001,23.791
14/10/19 16:32,245.383,7.624,1869,-83,7.622,2.542,0.003,101.251,0.05,82.867,0.002,-135.098,0.18,-23.092,0.001,136.736,0.052,30.785,0.001,-176.884,0.081,179.897,0.001,106.665,0.049,-166.037,0.002,113.449,0.078,-175.635,0.001,21.694
14/10/19 16:32,245.095,7.615,1865,-83,7.618,2.543,0.003,98.675,0.051,82.373,0.002,-120.991,0.173,-27.123,0.001,166.554,0.058,25.5,0.001,-171.543,0.081,176.818,0.001,96.96,0.046,-168.407,0.002,112.276,0.077,-178.551,0.001,13.347
14/10/19 16:32,244.836,7.608,1861,-82,7.607,2.545,0.003,102.282,0.054,83.289,0.002,-115.276,0.169,-29.149,0.001,120.131,0.059,22.641,0.001,-177.756,0.082,177.663,0.002,113.532,0.044,-163.849,0.002,122.706,0.07,-173.277,0.001,25.145
14/10/19 16:32,244.708,7.603,1859,-82,7.599,2.547,0.003,103.576,0.055,83.372,0.002,-108.514,0.172,-29.751,0.001,110.393,0.058,20.362,0.001,-178.988,0.082,178.029,0.001,104.571,0.044,-162.132,0.001,123.424,0.068,-170.919,0.001,34.505
14/10/19 16:32,244.966,7.612,1863,-83,7.603,2.548,0.003,104.536,0.056,84.44,0.002,-107.243,0.171,-29.75,0.001,121.179,0.06,21.251,0.001,178.63,0.083,178.678,0.002,92.679,0.044,-159.474,0.002,114.579,0.065,-169.958,0.001,29.929
14/10/19 16:33,244.942,7.611,1862,-83,7.608,2.548,0.003,102.879,0.056,84.569,0.002,-120.11,0.172,-29.028,0.001,113.725,0.062,21.095,0.001,179.303,0.083,178.392,0.001,102.509,0.045,-158.668,0.001,119.384,0.066,-171.099,0.001,20.569
14/10/19 16:33,245.216,7.619,1867,-83,7.611,2.547,0.003,103.117,0.056,85.041,0.002,-117.586,0.172,-29.054,0.001,111.932,0.062,19.893,0.001,177.772,0.083,178.422,0.001,99.922,0.045,-158.874,0.001,116.047,0.067,-170.951,0.001,16.202
14/10/19 16:33,245.11,7.616,1865,-83,7.615,2.546,0.003,107.837,0.056,85.149,0.002,-117.21,0.166,-29.054,0.001,104.41,0.061,21.427,0.001,170.3,0.083,178.406,0.001,96.321,0.045,-159.007,0.001,111.306,0.069,-170.909,0.001,8.878
14/10/19 16:33,245.158,7.617,1866,-83,7.613,2.546,0.003,99.783,0.054,84.718,0.002,-119.452,0.169,-28.702,0.001,109.298,0.06,22.72,0.001,177.134,0.082,179.22,0.001,96.077,0.046,-158.344,0.001,116.395,0.07,-172.188,0.001,15.878
14/10/19 16:33,245.158,7.617,1865,-83,7.612,2.545,0.003,96.354,0.053,83.921,0.002,-110.533,0.17,-27.674,0.001,125.525,0.06,25.975,0.001,168.224,0.08,179.423,0.001,71.411,0.049,-158.942,0.002,135.769,0.072,-173.245,0.001,7.751
14/10/19 16:33,245.076,7.615,1864,-83,7.612,2.546,0.003,104.984,0.053,83.413,0.002,-124.215,0.173,-28.412,0.002,131.228,0.06,22.332,0.001,172.238,0.081,178.791,0.001,50.786,0.048,-158.819,0.002,148.85,0.072,-173.237,0.001,-6.631
14/10/19 16:33,244.991,7.612,1863,-83,7.609,2.547,0.003,104.829,0.054,83.451,0.002,-126.547,0.174,-28.384,0.001,119.871,0.06,19.461,0.001,179.761,0.082,178.241,0.001,92.937,0.045,-160.949,0.001,122.997,0.073,-173.046,0.001,3.324
14/10/19 16:33,245.113,7.615,1865,-83,7.61,2.546,0.003,108.332,0.054,83.161,0.002,-127.975,0.174,-28.834,0.001,108.439,0.06,22.23,0.001,179.604,0.082,177.76,0.001,92.895,0.046,-158.976,0.001,118.051,0.071,-171.643,0.001,10.116
14/10/19 16:33,244.926,7.61,1862,-83,7.606,2.547,0.003,104.162,0.056,83.234,0.002,-119.993,0.177,-28.191,0.001,106.062,0.061,23.192,0.001,178.546,0.083,177.788,0.001,93.251,0.047,-159.598,0.001,114.317,0.071,-172.305,0.001,13.044
14/10/19 16:33,244.913,7.609,1862,-83,7.606,2.546,0.003,101.917,0.056,83.584,0.002,-132.972,0.179,-28.259,0.001,119.637,0.062,21.184,0.001,176.968,0.083,177.69,0.001,99.767,0.046,-159.788,0.001,120.459,0.07,-172.784,0.001,9.396
14/10/19 16:33,244.796,7.606,1860,-83,7.605,2.547,0.003,104.915,0.056,83.984,0.002,-123.849,0.179,-27.984,0.001,98.314,0.064,22.791,0.001,-179.54,0.083,177.618,0.001,87.51,0.048,-160.572,0.001,111.694,0.07,-173.669,0.001,18.012
14/10/19 16:33,244.805,7.606,1860,-83,7.605,2.547,0.003,104.724,0.056,84.583,0.002,-125.499,0.174,-28.051,0.001,95.802,0.063,21.899,0.001,178.088,0.083,177.494,0.001,96.905,0.047,-161.933,0.001,118.664,0.072,-174.022,0.001,16.597
14/10/19 16:33,244.895,7.609,1862,-83,7.602,2.547,0.003,107.802,0.055,83.203,0.002,-123.836,0.185,-23.269,0.001,93.41,0.053,28.564,0.001,171.884,0.085,-179.114,0.001,98.043,0.052,-161.722,0.001,113.832,0.077,-169.878,0.001,26.248
14/10/19 16:33,244.931,7.61,1862,-83,7.606,2.546,0.004,114.855,0.055,83.656,0.002,-135.772,0.192,-21.625,0.001,104.351,0.051,33.611,0.001,-178.695,0.088,-179.354,0.001,90.04,0.058,-165.307,0.001,108.492,0.083,-169.146,0.001,7.183
14/10/19 16:33,245.216,7.619,1866,-83,7.611,2.546,0.004,108.444,0.055,84.187,0.002,-144.067,0.189,-22.468,0.001,101.9,0.052,32.067,0.001,179.418,0.085,-178.857,0.001,88.373,0.055,-163.494,0.001,122.749,0.079,-171.6,0.001,0.943
14/10/19 16:33,245.487,7.627,1871,-83,7.621,2.544,0.004,111.605,0.054,83.642,0.002,-146.404,0.175,-26.837,0.002,101.401,0.058,24.27,0.001,168.622,0.081,178.516,0.001,85.243,0.046,-162.554,0.001,118.445,0.077,-177.479,0.001,4.065
14/10/19 16:33,245.294,7.621,1868,-83,7.621,2.543,0.003,111.622,0.055,82.999,0.002,-125.84,0.17,-27.789,0.001,96.774,0.06,24.142,0.001,-178.415,0.082,177.131,0.001,96.392,0.045,-165.967,0.001,118.609,0.077,-176.755,0.001,1.7
14/10/19 16:33,244.985,7.612,1863,-82,7.613,2.544,0.003,105.6,0.055,83.127,0.002,-128.122,0.17,-29.221,0.001,94.495,0.062,24.282,0.001,-171.14,0.083,177.044,0.001,80.385,0.047,-164.644,0.001,112.063,0.071,-175.681,0.001,11.361
14/10/19 16:33,244.691,7.602,1858,-82,7.6,2.545,0.003,103.824,0.054,85.804,0.002,-130.13,0.168,-29.768,0.001,93.027,0.061,23.07,0.001,-163.969,0.082,177.45,0.001,94.717,0.046,-163.511,0.001,114.169,0.071,-174.454,0.001,10.886
14/10/19 16:33,244.551,7.598,1856,-82,7.598,2.548,0.003,104.677,0.048,89.449,0.002,-137.535,0.165,-30.823,0.001,102.757,0.06,23.382,0.001,-177.217,0.082,178.251,0.001,91.334,0.046,-162.337,0.001,111.323,0.071,-173.082,0.001,8.75
14/10/19 16:34,244.604,7.599,1857,-82,7.596,2.549,0.003,108.03,0.047,88.163,0.002,-129.778,0.169,-28.907,0.001,87.882,0.056,24.082,0.001,-170.217,0.08,179.328,0.001,81.588,0.044,-162.084,0.001,116.112,0.074,-175.22,0.001,-1.208
14/10/19 16:34,244.754,7.604,1859,-83,7.598,2.547,0.003,108.214,0.046,87.529,0.002,-136.497,0.181,-23.154,0.001,84.679,0.049,34.322,0.001,-179.699,0.084,-177.777,0.001,103.035,0.05,-162.218,0.001,119.48,0.077,-169.606,0.001,4.86
14/10/19 16:34,244.524,7.597,1856,-82,7.595,2.548,0.003,114.508,0.046,87.863,0.002,-138.591,0.178,-23.555,0.001,91.466,0.051,32.348,0.001,177.159,0.082,-177.284,0.001,99.787,0.047,-161.09,0.001,120.728,0.074,-172.133,0.001,8.95
14/10/19 16:34,244.461,7.595,1855,-82,7.594,2.549,0.003,120.01,0.045,87.295,0.002,-133.682,0.174,-27.028,0.001,86.747,0.06,23.717,0.001,-177.429,0.079,178.947,0.001,89.965,0.042,-165.274,0.001,122.964,0.075,-177.988,0.001,-3.787
14/10/19 16:34,244.402,7.593,1854,-82,7.592,2.549,0.003,116.697,0.048,88.305,0.002,-133.967,0.175,-27.16,0.001,89.975,0.064,26.502,0.001,178.536,0.081,178.127,0.001,97.201,0.045,-165.578,0.001,121.047,0.073,-178.811,0.001,5.692
14/10/19 16:34,244.3,7.59,1852,-82,7.588,2.548,0.004,114.106,0.054,83.285,0.002,-137.494,0.177,-26.72,0.001,91.336,0.066,26.11,0.001,179.25,0.082,177.407,0.001,99.004,0.047,-166.912,0.001,122.838,0.072,179.185,0.001,8.187
14/10/19 16:34,244.512,7.597,1856,-83,7.59,2.548,0.003,111.4,0.055,84.698,0.002,-126.832,0.173,-27.647,0.001,89.272,0.065,22.992,0.001,-173.519,0.082,176.852,0.001,94.672,0.046,-167.711,0.001,117.293,0.072,179.869,0.001,-2.035
14/10/19 16:34,244.908,7.609,1862,-83,7.603,2.547,0.004,114.746,0.054,84.111,0.001,-130.008,0.171,-27.342,0.001,86.063,0.062,20.823,0.001,-176.346,0.08,177.196,0.001,89.448,0.043,-168.633,0.001,117.882,0.074,179.258,0.001,3.6
14/10/19 16:34,244.867,7.607,1861,-83,7.608,2.545,0.004,113.56,0.053,83.982,0.002,-132.625,0.174,-25.234,0.001,94.115,0.054,23.763,0.001,-175.356,0.079,-179.938,0.001,91.6,0.042,-164.227,0.001,128.528,0.072,-179.709,0.001,2.31
14/10/19 16:34,245.333,7.622,1868,-83,7.61,2.546,0.003,109.749,0.054,83.966,0.002,-129.911,0.174,-27.348,0.001,100.473,0.06,19.636,0.001,178.948,0.079,177.915,0.001,100.483,0.044,-167.674,0.001,118.733,0.076,179.285,0.001,-1.039
14/10/19 16:34,245.326,7.621,1868,-83,7.619,2.544,0.003,113.271,0.054,82.54,0.002,-121.246,0.173,-28.25,0.001,101.549,0.064,21.27,0.001,-172.356,0.08,176.909,0.002,85.996,0.047,-167.807,0.002,104.994,0.075,-179.855,0.002,6.916
14/10/19 16:34,245.551,7.628,1871,-83,7.618,2.544,0.003,109.416,0.054,82.598,0.002,-123.539,0.174,-29.179,0.001,98.491,0.065,21.159,0.001,176.253,0.082,176.378,0.001,90.584,0.045,-165.897,0.001,115.934,0.071,-179.321,0.001,-5.201
14/10/19 16:34,245.162,7.616,1865,-83,7.62,2.544,0.003,113.208,0.055,81.307,0.002,-130.116,0.175,-28.681,0.002,91.762,0.063,22.763,0.001,169.281,0.081,175.995,0.001,91.53,0.045,-165.865,0.001,111.161,0.073,-179.134,0.001,6.088
14/10/19 16:34,245.279,7.619,1867,-83,7.612,2.545,0.003,117.004,0.052,82.191,0.002,-132.027,0.177,-27.947,0.001,94.987,0.065,24.584,0.001,176.232,0.081,176.649,0.001,87.429,0.046,-163.969,0.001,116.427,0.072,-179.536,0.001,7.728
14/10/19 16:34,245.317,7.621,1868,-83,7.615,2.545,0.003,118.082,0.054,81.708,0.002,-134.453,0.17,-28.907,0.001,97.831,0.065,22.953,0.001,179.359,0.08,176.528,0.001,91.402,0.047,-162.729,0.001,111.165,0.074,-178.584,0.001,3.082
14/10/19 16:34,245.675,7.632,1873,-83,7.624,2.543,0.004,112.062,0.054,82.577,0.002,-137.896,0.168,-29.14,0.001,97.233,0.066,22.727,0.001,-169.425,0.08,176.521,0.001,75.952,0.049,-163.156,0.001,118.231,0.076,-179.548,0.001,-0.022
14/10/19 16:34,245.955,7.64,1877,-83,7.633,2.542,0.004,111.676,0.055,82.363,0.002,-134.064,0.168,-28.782,0.001,100.628,0.067,22.652,0.001,-165.95,0.081,177.131,0.001,89.456,0.049,-163.143,0.001,121.94,0.076,179.795,0.001,-5.071
14/10/19 16:34,245.7,7.633,1873,-83,7.631,2.541,0.003,109.561,0.053,82.323,0.002,-129.192,0.168,-28.144,0.001,88.8,0.065,22.931,0.001,-168.754,0.081,177.495,0.001,92.105,0.051,-164.645,0.001,120.856,0.079,179.016,0.001,11.637
14/10/19 16:34,245.536,7.628,1871,-83,7.629,2.541,0.003,98.149,0.053,83.721,0.002,-108.915,0.167,-27.729,0.001,90.355,0.066,24.882,0.001,-159.939,0.08,177.467,0.001,86.079,0.053,-164.562,0.002,112.669,0.08,178.374,0.001,10.896
14/10/19 16:34,245.752,7.635,1874,-83,7.631,2.54,0.003,94.593,0.054,83.806,0.002,-115.736,0.166,-27.88,0.001,112.505,0.068,24.831,0.001,-144.697,0.079,177.319,0.001,85.559,0.056,-163.978,0.002,111.293,0.083,177.938,0.001,15.78
14/10/19 16:35,245.589,7.629,1872,-83,7.629,2.54,0.003,107.158,0.054,83.764,0.002,-120.018,0.167,-27.851,0.001,104.048,0.067,23.47,0.001,-155.811,0.08,177.008,0.001,66.834,0.053,-164.257,0.001,107.978,0.082,178.714,0.001,11.026
14/10/19 16:35,245.544,7.628,1871,-83,7.625,2.54,0.003,101.926,0.054,82.875,0.002,-123.034,0.168,-27.923,0.001,94.106,0.068,22.02,0.001,-166.388,0.079,176.229,0.001,85.179,0.049,-166.283,0.001,124.49,0.08,178.523,0.001,8.031
14/10/19 16:35,245.568,7.629,1872,-83,7.624,2.54,0.003,100.921,0.055,83.146,0.002,-109.903,0.172,-28.536,0.001,83.455,0.067,21.388,0.001,-169.938,0.081,176.235,0.001,87.286,0.048,-164.84,0.001,112.957,0.075,178.839,0.001,-0.065
14/10/19 16:35,245.349,7.623,1868,-83,7.622,2.541,0.003,103.918,0.055,84.344,0.002,-117.496,0.174,-28.493,0.001,81.777,0.066,21.528,0.001,-162.033,0.081,176.376,0.001,87.666,0.047,-163.531,0.001,114.816,0.075,179.179,0.001,6.583
14/10/19 16:35,245.464,7.626,1870,-83,7.622,2.542,0.003,101.2,0.055,83.372,0.002,-123.613,0.172,-28.91,0.001,89.746,0.066,20.693,0.001,-157.308,0.08,176.241,0.001,85.463,0.045,-163.964,0.001,103.601,0.073,179.594,0.001,8.379
14/10/19 16:35,245.082,7.614,1864,-82,7.613,2.543,0.003,102.8,0.055,83.377,0.002,-120.702,0.174,-29.774,0.001,81.792,0.067,17.972,0.001,-163.036,0.081,176.15,0.001,72.929,0.043,-165.515,0.001,106.866,0.07,178.911,0.001,9.796
14/10/19 16:35,244.907,7.609,1862,-82,7.607,2.545,0.003,99.544,0.054,83.852,0.002,-115.159,0.181,-27.213,0.001,80.225,0.058,17.853,0.001,-169.001,0.08,178.903,0.001,92.011,0.04,-165.849,0.001,116.634,0.071,177.78,0.001,9.585
14/10/19 16:35,244.6,7.6,1857,-82,7.601,2.544,0.003,101.153,0.055,83.175,0.002,-127.449,0.195,-22.048,0.001,85.838,0.052,29.844,0.001,167.855,0.086,-179.472,0.001,81.024,0.052,-169.456,0.001,111.155,0.077,-175.93,0.001,8.865
14/10/19 16:35,244.685,7.603,1858,-82,7.595,2.547,0.003,98.992,0.054,83.312,0.002,-117.025,0.189,-22.648,0.001,82.145,0.051,28.516,0.001,-178.121,0.084,-178.994,0.001,86.794,0.051,-167.061,0.001,117.771,0.076,-175.341,0.001,8.546
14/10/19 16:35,244.728,7.604,1859,-83,7.598,2.547,0.003,102.858,0.056,84.082,0.002,-118.506,0.182,-24.125,0.001,94.036,0.051,23.908,0.001,-169.48,0.083,-179.046,0.001,88.721,0.046,-165.084,0.001,108.474,0.073,-175.314,0.001,11.354
14/10/19 16:35,245.222,7.619,1867,-83,7.612,2.547,0.003,105.776,0.056,85.246,0.002,-110.168,0.17,-28.393,0.001,83.521,0.058,18.232,0.001,-165.213,0.079,177.705,0.001,81.757,0.038,-165.218,0.001,116.463,0.071,178.047,0.001,-4.784
14/10/19 16:35,245.363,7.624,1869,-83,7.615,2.546,0.004,102.918,0.056,84.117,0.002,-118.614,0.169,-29.709,0.001,82.393,0.061,18.009,0.001,-176.547,0.081,175.995,0.001,83.892,0.041,-167.408,0.001,123.363,0.072,178.914,0.001,2.627
14/10/19 16:35,245.408,7.625,1869,-83,7.622,2.545,0.003,103.679,0.057,85.343,0.002,-110.153,0.171,-30.422,0.001,88.16,0.065,17.064,0.001,177.458,0.082,175.688,0.001,87.101,0.041,-165.873,0.001,108.664,0.068,179.182,0.001,-4.725
14/10/19 16:35,245.7,7.634,1874,-83,7.627,2.543,0.003,101.919,0.058,84.974,0.002,-109.607,0.169,-30.365,0.001,89.591,0.066,17.66,0.001,-176.808,0.082,175.742,0.001,75.868,0.04,-165.471,0.001,113.932,0.067,179.648,0.001,2.189
14/10/19 16:35,245.359,7.623,1869,-83,7.625,2.543,0.003,104.212,0.058,83.787,0.002,-109.168,0.167,-30.691,0.001,86.858,0.066,18.136,0.001,-177.383,0.082,175.577,0.001,67.97,0.041,-166.391,0.001,113.42,0.068,179.792,0.001,-1.007
14/10/19 16:35,245.437,7.626,1870,-83,7.622,2.543,0.003,108.167,0.057,84.307,0.002,-122.485,0.173,-30.738,0.001,96.488,0.066,17.605,0.001,-160.287,0.082,175.719,0.001,84.467,0.041,-166.905,0.001,123.431,0.068,178.317,0.001,-7.785
14/10/19 16:35,245.111,7.615,1865,-83,7.614,2.543,0.003,103.374,0.056,83.73,0.002,-114.85,0.174,-30.258,0.001,85.355,0.065,17.564,0.001,-159.84,0.082,175.731,0.001,81.608,0.041,-168.143,0.001,111.315,0.069,178.075,0.001,-2.628
14/10/19 16:35,244.919,7.61,1862,-82,7.61,2.543,0.003,100.866,0.056,83.629,0.002,-113.592,0.172,-30.46,0.001,90.496,0.063,17.129,0.001,-160.596,0.081,176.046,0.001,81.297,0.042,-167.574,0.001,104.858,0.069,178.914,0.001,5.293
14/10/19 16:35,244.816,7.606,1860,-82,7.603,2.545,0.003,106.942,0.056,84.814,0.002,-112.826,0.173,-30.626,0.001,95.391,0.064,15.615,0.001,-146.706,0.081,175.996,0.002,67.343,0.043,-168.118,0.002,94.982,0.07,178.337,0.002,20.175
14/10/19 16:35,244.874,7.608,1861,-83,7.606,2.545,0.003,96.275,0.057,84.915,0.002,-108.576,0.171,-30.583,0.001,76.604,0.064,16.374,0.001,170.115,0.08,176.091,0.002,73.583,0.043,-167.486,0.002,98.169,0.07,178.897,0.002,-2.337
14/10/19 16:36,244.566,7.599,1857,-82,7.596,2.546,0.003,100.474,0.056,85.523,0.002,-117.673,0.173,-30.59,0.001,84.956,0.065,16.385,0.001,-169.849,0.081,176.187,0.001,86.032,0.043,-168.064,0.001,116.451,0.07,177.949,0.001,15.811
14/10/19 16:36,244.661,7.602,1858,-83,7.596,2.546,0.003,101.104,0.055,84.568,0.002,-117.588,0.175,-29.637,0.001,88.268,0.067,17.053,0.001,-177.299,0.081,175.817,0.001,85.539,0.042,-169.643,0.001,121.891,0.071,178.03,0.001,1.122
14/10/19 16:36,244.82,7.607,1860,-83,7.599,2.545,0.004,106.907,0.056,83.817,0.001,-105.686,0.175,-29.27,0.001,78.901,0.067,19.225,0.001,-174.375,0.081,175.575,0.001,83.663,0.042,-168.564,0.001,115.391,0.069,177.251,0.001,0.867
14/10/19 16:36,244.963,7.611,1863,-83,7.603,2.544,0.003,102.434,0.056,83.509,0.002,-105.697,0.172,-29.461,0.001,68.675,0.066,19.394,0.001,-171.573,0.08,176.154,0.001,75.853,0.042,-168.34,0.001,120.131,0.069,176.876,0.001,-1.164
14/10/19 16:36,245.022,7.613,1863,-83,7.607,2.544,0.003,101.527,0.055,82.934,0.002,-95.988,0.178,-28.596,0.001,74.716,0.067,18.355,0.001,-173.255,0.081,176.412,0.001,77.089,0.045,-169.528,0.001,110.311,0.071,176.343,0.001,8.508
14/10/19 16:36,244.698,7.602,1858,-82,7.605,2.544,0.003,97.808,0.055,83.905,0.002,-109.995,0.182,-28.003,0.001,79.998,0.068,18.275,0.001,-177.938,0.082,176.362,0.001,77.548,0.047,-171.349,0.001,111.161,0.072,175.639,0.001,12.441
14/10/19 16:36,244.811,7.606,1860,-82,7.601,2.543,0.003,103.97,0.056,83.351,0.002,-112.265,0.18,-27.609,0.001,68.044,0.067,20.125,0.001,-166.173,0.081,176.441,0.001,82.336,0.048,-172.472,0.001,103.6,0.074,174.391,0.001,2.075
14/10/19 16:36,244.82,7.606,1860,-82,7.601,2.544,0.003,98.953,0.054,84.315,0.002,-124.334,0.18,-27.247,0.001,76.769,0.065,20.464,0.001,-176.368,0.081,177.235,0.001,80.347,0.046,-170.947,0.001,111.44,0.073,174.669,0.001,3.812
14/10/19 16:36,244.887,7.608,1861,-83,7.604,2.544,0.003,99.273,0.055,84.299,0.002,-115.617,0.18,-26.631,0.001,75.237,0.065,21.385,0.001,-172.12,0.081,176.849,0.001,79.782,0.046,-170.658,0.001,107.813,0.073,174.409,0.001,-0.875
14/10/19 16:36,244.833,7.606,1860,-83,7.605,2.544,0.003,105.875,0.055,84.055,0.002,-105.485,0.18,-26.486,0.001,79.778,0.066,20.675,0.001,-162.025,0.081,176.774,0.001,79.127,0.046,-170.353,0.001,110.583,0.074,174.305,0.001,-9.101
14/10/19 16:36,244.848,7.607,1861,-82,7.602,2.543,0.003,108.559,0.056,84.442,0.002,-127.046,0.183,-26.241,0.002,77.127,0.067,21.906,0.001,-169.892,0.081,177.046,0.001,76.502,0.048,-170.701,0.001,108.863,0.075,174.139,0.001,1.84
14/10/19 16:36,244.591,7.599,1857,-82,7.595,2.546,0.003,105.21,0.052,87.82,0.002,-123.462,0.182,-26.647,0.001,77.608,0.065,22.686,0.001,169.49,0.082,178.073,0.001,62.612,0.049,-169.318,0.001,107.621,0.075,175.538,0.001,11.721
14/10/19 16:36,244.475,7.595,1855,-82,7.591,2.548,0.003,99.94,0.049,90.038,0.002,-111.955,0.178,-27.131,0.001,69.998,0.066,23.887,0.001,-163.737,0.082,178.635,0.001,74.052,0.048,-167.528,0.001,106.924,0.074,177.04,0.001,9.781
14/10/19 16:36,244.771,7.604,1859,-83,7.597,2.549,0.003,100.915,0.05,89.656,0.002,-115.501,0.177,-27.234,0.001,74.606,0.065,23.837,0.001,-169.721,0.082,178.888,0.001,71.884,0.048,-166.246,0.001,108.414,0.074,177.636,0.001,3.629
14/10/19 16:36,244.88,7.607,1861,-83,7.601,2.549,0.003,103.707,0.05,89.942,0.002,-104.644,0.176,-27.271,0.001,60.722,0.064,24.411,0.001,-159.676,0.082,178.814,0.001,76.599,0.048,-166.288,0.001,105.07,0.073,177.864,0.001,3.417
14/10/19 16:36,244.662,7.601,1858,-83,7.603,2.549,0.003,100.926,0.051,89.573,0.002,-104.753,0.174,-27.84,0.001,69.652,0.064,23.24,0.001,-161.193,0.081,178.585,0.001,86.01,0.047,-166.055,0.001,111.772,0.073,177.852,0.001,5.585
14/10/19 16:36,244.59,7.598,1857,-83,7.595,2.549,0.003,96.684,0.05,89.234,0.002,-104.784,0.18,-26.902,0.001,66.208,0.066,23.081,0.001,-160.464,0.081,178.985,0.001,79.342,0.047,-165.404,0.001,114.354,0.073,177.034,0.001,-4.557
14/10/19 16:36,244.472,7.595,1855,-83,7.589,2.549,0.003,99.95,0.048,89.602,0.002,-103.247,0.179,-26.985,0.001,71.369,0.064,22.999,0.001,-152.449,0.082,179.063,0.001,75.467,0.049,-168.096,0.001,110.037,0.075,177.62,0.001,2.422
14/10/19 16:36,244.543,7.597,1856,-83,7.594,2.549,0.003,100.32,0.051,88.529,0.002,-103.643,0.178,-27.368,0.001,70.825,0.061,23.071,0.001,-134.346,0.082,178.964,0.001,87.195,0.05,-166.865,0.001,102.446,0.076,179.354,0.002,13.523
14/10/19 16:36,244.599,7.599,1857,-83,7.591,2.55,0.003,92.578,0.049,89.631,0.002,-102.182,0.181,-27.338,0.001,71.575,0.061,24.934,0.001,-156.865,0.083,178.831,0.001,73.21,0.051,-166.254,0.001,110.462,0.077,-179.317,0.001,16.426
14/10/19 16:37,244.635,7.6,1857,-83,7.597,2.549,0.003,97.933,0.05,87.244,0.002,-97.231,0.18,-26.977,0.001,59.372,0.059,24.97,0.001,-160.57,0.083,178.351,0.001,78.947,0.048,-166.642,0.001,113.245,0.078,-177.547,0.001,11.318
14/10/19 16:37,244.893,7.607,1861,-83,7.602,2.548,0.003,97.126,0.053,85.58,0.002,-98.913,0.178,-26.918,0.001,66.221,0.06,27.377,0.001,-160.125,0.084,178.255,0.001,78.514,0.049,-165.634,0.001,112.535,0.075,-177.689,0.001,10.997
14/10/19 16:37,244.902,7.608,1861,-83,7.605,2.547,0.003,100.5,0.058,83.759,0.001,-107.959,0.182,-25.777,0.001,72.533,0.06,26.278,0.001,-150.919,0.085,177.928,0.001,75.375,0.049,-165.513,0.001,107.928,0.075,-178.116,0.001,-3.786
14/10/19 16:37,245.196,7.616,1866,-83,7.606,2.547,0.003,100.184,0.056,83.004,0.002,-105.732,0.181,-25.798,0.001,68.17,0.06,25.401,0.001,-161.391,0.084,178.162,0.001,79.604,0.047,-164.665,0.001,103.474,0.074,-177.818,0.001,2.169
14/10/19 16:37,245.283,7.619,1867,-83,7.614,2.546,0.003,106.22,0.057,82.599,0.002,-105.321,0.186,-25.768,0.001,69.372,0.061,25.105,0.001,-166.48,0.084,178.304,0.001,77.358,0.046,-163.373,0.001,106.091,0.073,-178.807,0.001,5.019
14/10/19 16:37,244.859,7.606,1860,-83,7.609,2.546,0.003,103.455,0.056,82.052,0.002,-113.9,0.184,-25.548,0.001,84.282,0.056,23.829,0.001,-158.234,0.083,179.173,0.001,89.875,0.044,-163.733,0.001,118.599,0.073,-178.586,0.001,3.56
14/10/19 16:37,244.893,7.607,1861,-83,7.602,2.547,0.003,101.036,0.055,82.647,0.002,-117.714,0.193,-21.856,0.001,73.776,0.048,30.691,0.001,-157.702,0.085,-178.01,0.001,79.992,0.048,-163.255,0.001,121.004,0.075,-172.79,0.001,6.896
14/10/19 16:37,244.732,7.602,1859,-82,7.603,2.546,0.003,102.938,0.055,82.628,0.002,-120.133,0.191,-22.278,0.001,80.502,0.05,27.897,0.001,-165.969,0.084,-178.358,0.001,81.484,0.046,-162.8,0.001,114.38,0.074,-173.66,0.001,1.373
14/10/19 16:37,244.699,7.601,1858,-82,7.596,2.547,0.003,101.502,0.055,82.915,0.002,-108.554,0.181,-25.576,0.001,66.993,0.058,22.384,0.001,-167.201,0.084,178.183,0.001,71.173,0.043,-166.833,0.001,119.548,0.075,-178.031,0.001,6.311
14/10/19 16:37,244.892,0,0,0,4.981,3.138,0.077,-158.416,0.049,97.321,0.022,171.332,0.117,-21.49,0.012,101.273,0.041,31.481,0.01,45.329,0.055,-175.949,0.008,-38.25,0.03,-159.598,0.006,-167.978,0.05,-169.938,0.005,104.29
14/10/19 16:37,244.619,0,0,0,0,-94.848,0,-94.025,0.001,172.024,0,115.605,0,41.315,0,124.037,0.001,135.706,0,-18.08,0,24.332,0,-142.036,0,90.936,0,-82.936,0.001,-15.975,0,-147.449
14/10/19 16:37,244.952,0,0,0,0,-94.688,0,118.285,0.001,176.468,0,-54.541,0,-0.465,0,148.706,0.001,139.803,0,-90.039,0,25.978,0,-20.359,0,86.31,0,21.793,0,1.932,0,172.109
14/10/19 16:37,244.85,0,0,0,0,-92.316,0,-81.645,0.001,175.778,0,-38.009,0.001,29.501,0,-115.079,0.001,133.782,0,-157.201,0,22.873,0,174.451,0,101.359,0,140.987,0,-43.094,0,-133.111
14/10/19 16:37,244.857,0,0,0,0,-88.173,0,-91.118,0.001,176.813,0,-123.837,0.001,28.903,0,-21.802,0.001,134.922,0,7.934,0,15.169,0,105.027,0,125.177,0,-58.483,0,-11.412,0,-166.369
14/10/19 16:37,244.85,0,0,0,0,-93.88,0,-36.527,0.001,176.07,0,-153.458,0.001,18.361,0,-111.583,0.001,141.675,0,-143.809,0,-0.839,0,-54.507,0.001,122.94,0,-104.348,0.001,-18.07,0,97.244
14/10/19 16:37,244.937,0,0,0,0,-88.454,0,1.89,0.001,175.778,0,-49.904,0.001,29.787,0,128.41,0.001,139.228,0,102.638,0,42.205,0,18.705,0,113.007,0,142.292,0,-14.825,0,-125.117
14/10/19 16:37,244.883,0,0,0,0,-87.663,0,-145.8,0.001,175.531,0,103.347,0.001,29.778,0,-17.071,0.001,139.408,0,-123.616,0,20.016,0,-64.674,0,109.763,0,-135.239,0,-7.255,0,-114.891
14/10/19 16:37,245.119,0,0,0,0,-87.663,0,-145.8,0.001,175.531,0,103.347,0.001,29.778,0,-17.071,0.001,139.408,0,-123.616,0,20.016,0,-64.674,0,109.763,0,-135.239,0,-7.255,0,-114.891
14/10/19 16:37,245.604,0,0,0,0,-88.801,0,-61.604,0.001,178.528,0,-177.228,0.001,19.13,0,-51.756,0.001,140.883,0,169.199,0,19.783,0,-154.299,0,100.954,0,-40.735,0,-11.121,0,128.009
14/10/19 16:37,245.481,0,0,0,0,-92.692,0,-103.205,0.001,174.518,0,76.768,0,31.778,0,-49.24,0.001,134.167,0,82.996,0,24.417,0.001,55.805,0,94.288,0,-92.867,0,-22.27,0,62.82
14/10/19 16:38,245.109,0,0,0,0,-90.469,0,-90.921,0.001,175.209,0,88.189,0.001,35.413,0,-134.009,0.001,141.875,0,161.061,0.001,6.985,0,-169.235,0,112.666,0,-91.5,0,-16.563,0,-146.125